order_id,region,product_category,unit_price,quantity,order_date,total_amount,year,month,month_name,order_tier,avg_order_value,is_partial_month
1,Germany,Electronics,285.82,7,2025-06-12,2000.74,2025,6,Jun,XL,285.82,0
2,Pakistan,Toys,132.0,9,2025-01-14,1188.0,2025,1,Jan,Large,132.0,0
3,Australia,Fashion,481.65,9,2025-08-27,4334.85,2025,8,Aug,XL,481.65000000000003,0
4,UAE,Grocery,244.36,3,2025-03-13,733.08,2025,3,Mar,Medium,244.36,0
5,Germany,Sports,403.97,5,2025-05-23,2019.85,2025,5,May,XL,403.96999999999997,0
6,Brazil,Home Decor,277.36,8,2025-10-10,2218.88,2025,10,Oct,XL,277.36,0
7,India,Fashion,26.49,8,2025-09-26,211.92,2025,9,Sep,Small,26.49,0
8,Germany,Toys,318.41,4,2025-08-29,1273.64,2025,8,Aug,Large,318.41,0
9,Australia,Home Decor,475.94,1,2025-09-02,475.94,2025,9,Sep,Medium,475.94,0
10,UAE,Beauty,302.8,1,2025-06-12,302.8,2025,6,Jun,Medium,302.8,0
11,Pakistan,Electronics,410.5,4,2025-03-01,1642.0,2025,3,Mar,XL,410.5,0
12,Australia,Sports,442.68,6,2025-01-06,2656.08,2025,1,Jan,XL,442.68,0
13,Australia,Toys,117.9,8,2025-07-16,943.2,2025,7,Jul,Large,117.9,0
14,India,Beauty,109.96,6,2025-02-27,659.76,2025,2,Feb,Medium,109.96,0
15,Canada,Books,307.44,9,2025-11-01,2766.96,2025,11,Nov,XL,307.44,1
16,UAE,Fashion,208.46,9,2025-08-05,1876.14,2025,8,Aug,XL,208.46,0
17,UK,Grocery,420.73,2,2025-01-26,841.46,2025,1,Jan,Large,420.73,0
18,Australia,Home Decor,450.51,1,2025-10-30,450.51,2025,10,Oct,Medium,450.51,0
19,Canada,Electronics,179.94,2,2025-01-05,359.88,2025,1,Jan,Medium,179.94,0
20,UK,Home Decor,122.25,5,2025-01-20,611.25,2025,1,Jan,Medium,122.25,0
21,UAE,Sports,391.36,4,2025-07-17,1565.44,2025,7,Jul,XL,391.36,0
22,USA,Fashion,141.03,4,2025-02-28,564.12,2025,2,Feb,Medium,141.03,0
23,Brazil,Home Decor,412.19,9,2025-08-30,3709.71,2025,8,Aug,XL,412.19,0
24,Canada,Electronics,214.75,8,2025-05-26,1718.0,2025,5,May,XL,214.75,0
25,China,Fashion,335.44,6,2025-09-30,2012.64,2025,9,Sep,XL,335.44,0
26,USA,Home Decor,52.29,1,2025-09-06,52.29,2025,9,Sep,Small,52.29,0
27,Brazil,Grocery,313.81,2,2025-01-14,627.62,2025,1,Jan,Medium,313.81,0
28,India,Toys,228.63,6,2025-01-13,1371.78,2025,1,Jan,Large,228.63,0
29,Germany,Fashion,295.37,2,2025-02-13,590.74,2025,2,Feb,Medium,295.37,0
30,Pakistan,Toys,88.17,5,2025-01-19,440.85,2025,1,Jan,Medium,88.17,0
31,China,Books,369.75,5,2025-03-04,1848.75,2025,3,Mar,XL,369.75,0
32,India,Fashion,432.08,6,2025-08-27,2592.48,2025,8,Aug,XL,432.08,0
33,UAE,Grocery,112.29,6,2025-04-10,673.74,2025,4,Apr,Medium,112.29,0
34,India,Toys,52.38,6,2025-06-12,314.28,2025,6,Jun,Medium,52.379999999999995,0
35,Germany,Beauty,16.7,2,2025-05-02,33.4,2025,5,May,Small,16.7,0
36,UAE,Electronics,322.78,3,2025-02-13,968.34,2025,2,Feb,Large,322.78000000000003,0
37,China,Beauty,305.51,6,2025-05-25,1833.06,2025,5,May,XL,305.51,0
38,Germany,Home Decor,275.62,8,2025-02-19,2204.96,2025,2,Feb,XL,275.62,0
39,UK,Grocery,119.81,1,2025-03-06,119.81,2025,3,Mar,Small,119.81,0
40,Pakistan,Beauty,198.5,1,2025-10-15,198.5,2025,10,Oct,Small,198.5,0
41,China,Fashion,299.27,2,2025-06-13,598.54,2025,6,Jun,Medium,299.27,0
42,UK,Home Decor,250.9,6,2025-05-21,1505.4,2025,5,May,XL,250.9,0
43,Brazil,Home Decor,493.95,9,2025-05-08,4445.55,2025,5,May,XL,493.95000000000005,0
44,China,Beauty,72.54,4,2025-08-27,290.16,2025,8,Aug,Medium,72.54,0
45,Brazil,Books,349.1,3,2025-10-23,1047.3,2025,10,Oct,Large,349.09999999999997,0
46,UAE,Beauty,205.14,8,2025-07-06,1641.12,2025,7,Jul,XL,205.14,0
47,UK,Books,216.96,9,2025-07-27,1952.64,2025,7,Jul,XL,216.96,0
48,Pakistan,Grocery,360.21,5,2025-08-08,1801.05,2025,8,Aug,XL,360.21,0
49,Germany,Electronics,347.76,9,2025-07-09,3129.84,2025,7,Jul,XL,347.76,0
50,Australia,Beauty,495.67,2,2025-10-11,991.34,2025,10,Oct,Large,495.67,0
51,India,Sports,68.56,3,2025-08-25,205.68,2025,8,Aug,Small,68.56,0
52,USA,Books,56.53,7,2025-07-13,395.71,2025,7,Jul,Medium,56.529999999999994,0
53,Pakistan,Beauty,363.55,7,2025-10-14,2544.85,2025,10,Oct,XL,363.55,0
54,UK,Toys,291.3,6,2025-09-16,1747.8,2025,9,Sep,XL,291.3,0
55,Australia,Fashion,140.71,6,2025-09-03,844.26,2025,9,Sep,Large,140.71,0
56,Pakistan,Sports,44.31,2,2025-05-16,88.62,2025,5,May,Small,44.31,0
57,UK,Sports,47.4,6,2025-10-07,284.4,2025,10,Oct,Medium,47.4,0
58,Canada,Books,447.62,4,2025-09-28,1790.48,2025,9,Sep,XL,447.62,0
59,Canada,Toys,99.97,3,2025-06-20,299.91,2025,6,Jun,Medium,99.97000000000001,0
60,Brazil,Toys,165.07,2,2025-06-08,330.14,2025,6,Jun,Medium,165.07,0
61,Pakistan,Home Decor,117.19,1,2025-07-20,117.19,2025,7,Jul,Small,117.19,0
62,Canada,Books,180.72,5,2025-02-14,903.6,2025,2,Feb,Large,180.72,0
63,UK,Electronics,39.36,2,2025-09-21,78.72,2025,9,Sep,Small,39.36,0
64,Brazil,Fashion,261.93,2,2025-03-12,523.86,2025,3,Mar,Medium,261.93,0
65,UK,Grocery,38.47,7,2025-04-13,269.29,2025,4,Apr,Medium,38.470000000000006,0
66,Brazil,Sports,401.18,8,2025-05-05,3209.44,2025,5,May,XL,401.18,0
67,Pakistan,Grocery,120.69,8,2025-10-13,965.52,2025,10,Oct,Large,120.69,0
68,Australia,Beauty,272.31,4,2025-08-18,1089.24,2025,8,Aug,Large,272.31,0
69,Germany,Beauty,440.64,1,2025-05-26,440.64,2025,5,May,Medium,440.64,0
70,China,Grocery,327.18,7,2025-07-16,2290.26,2025,7,Jul,XL,327.18,0
71,Australia,Beauty,268.81,1,2025-08-09,268.81,2025,8,Aug,Medium,268.81,0
72,UAE,Electronics,165.55,4,2025-03-01,662.2,2025,3,Mar,Medium,165.55,0
73,UK,Toys,169.84,8,2025-04-08,1358.72,2025,4,Apr,Large,169.84,0
74,UAE,Beauty,336.4,2,2025-06-20,672.8,2025,6,Jun,Medium,336.4,0
75,Australia,Home Decor,497.1,6,2025-06-22,2982.6,2025,6,Jun,XL,497.09999999999997,0
76,Brazil,Beauty,332.61,6,2025-05-31,1995.66,2025,5,May,XL,332.61,0
77,China,Fashion,281.1,9,2025-05-02,2529.9,2025,5,May,XL,281.1,0
78,China,Electronics,366.67,5,2025-04-18,1833.35,2025,4,Apr,XL,366.66999999999996,0
79,USA,Fashion,235.28,4,2025-01-04,941.12,2025,1,Jan,Large,235.28,0
80,China,Fashion,34.77,5,2025-04-03,173.85,2025,4,Apr,Small,34.769999999999996,0
81,Germany,Home Decor,283.34,5,2025-01-06,1416.7,2025,1,Jan,Large,283.34000000000003,0
82,China,Electronics,479.02,8,2025-10-15,3832.16,2025,10,Oct,XL,479.02,0
83,Australia,Electronics,91.77,8,2025-04-16,734.16,2025,4,Apr,Medium,91.77,0
84,USA,Books,346.55,2,2025-05-26,693.1,2025,5,May,Medium,346.55,0
85,Australia,Electronics,104.46,7,2025-09-28,731.22,2025,9,Sep,Medium,104.46000000000001,0
86,Australia,Electronics,270.23,8,2025-04-06,2161.84,2025,4,Apr,XL,270.23,0
87,India,Electronics,52.85,6,2025-08-17,317.1,2025,8,Aug,Medium,52.85,0
88,USA,Home Decor,227.93,5,2025-07-21,1139.65,2025,7,Jul,Large,227.93,0
89,Australia,Beauty,379.3,9,2025-07-31,3413.7,2025,7,Jul,XL,379.29999999999995,0
90,India,Books,177.05,3,2025-01-06,531.15,2025,1,Jan,Medium,177.04999999999998,0
91,India,Fashion,334.13,4,2025-04-22,1336.52,2025,4,Apr,Large,334.13,0
92,USA,Electronics,398.75,9,2025-04-16,3588.75,2025,4,Apr,XL,398.75,0
93,UAE,Sports,463.95,6,2025-05-19,2783.7,2025,5,May,XL,463.95,0
94,Brazil,Beauty,121.15,8,2025-10-26,969.2,2025,10,Oct,Large,121.15,0
95,Germany,Beauty,202.66,7,2025-04-06,1418.62,2025,4,Apr,Large,202.66,0
96,Brazil,Fashion,80.45,2,2025-10-24,160.9,2025,10,Oct,Small,80.45,0
97,China,Home Decor,496.28,3,2025-08-02,1488.84,2025,8,Aug,Large,496.28,0
98,Germany,Grocery,463.87,1,2025-10-18,463.87,2025,10,Oct,Medium,463.87,0
99,China,Grocery,272.28,9,2025-01-22,2450.52,2025,1,Jan,XL,272.28,0
100,Australia,Beauty,421.81,7,2025-07-12,2952.67,2025,7,Jul,XL,421.81,0
101,UK,Toys,262.87,1,2025-05-30,262.87,2025,5,May,Medium,262.87,0
102,USA,Toys,313.67,3,2025-09-04,941.01,2025,9,Sep,Large,313.67,0
103,Germany,Fashion,49.12,4,2025-09-24,196.48,2025,9,Sep,Small,49.12,0
104,Germany,Grocery,378.86,4,2025-09-08,1515.44,2025,9,Sep,XL,378.86,0
105,Australia,Beauty,68.22,5,2025-01-03,341.1,2025,1,Jan,Medium,68.22,0
106,UAE,Home Decor,413.9,3,2025-03-17,1241.7,2025,3,Mar,Large,413.90000000000003,0
107,India,Grocery,392.1,3,2025-03-28,1176.3,2025,3,Mar,Large,392.09999999999997,0
108,Australia,Beauty,355.83,1,2025-09-27,355.83,2025,9,Sep,Medium,355.83,0
109,Canada,Beauty,22.9,7,2025-08-13,160.3,2025,8,Aug,Small,22.900000000000002,0
110,India,Electronics,155.05,1,2025-01-18,155.05,2025,1,Jan,Small,155.05,0
111,USA,Home Decor,135.24,2,2025-04-23,270.48,2025,4,Apr,Medium,135.24,0
112,India,Electronics,183.27,4,2025-09-08,733.08,2025,9,Sep,Medium,183.27,0
113,UAE,Fashion,48.38,4,2025-08-21,193.52,2025,8,Aug,Small,48.38,0
114,India,Electronics,468.79,5,2025-10-06,2343.95,2025,10,Oct,XL,468.78999999999996,0
115,USA,Sports,279.13,2,2025-07-21,558.26,2025,7,Jul,Medium,279.13,0
116,UAE,Electronics,156.23,4,2025-03-24,624.92,2025,3,Mar,Medium,156.23,0
117,Brazil,Sports,201.51,1,2025-05-05,201.51,2025,5,May,Small,201.51,0
118,Germany,Grocery,226.37,2,2025-06-24,452.74,2025,6,Jun,Medium,226.37,0
119,Germany,Toys,302.29,1,2025-03-10,302.29,2025,3,Mar,Medium,302.29,0
120,China,Books,260.26,4,2025-02-16,1041.04,2025,2,Feb,Large,260.26,0
121,Brazil,Books,460.1,4,2025-09-13,1840.4,2025,9,Sep,XL,460.1,0
122,Brazil,Beauty,251.0,7,2025-08-03,1757.0,2025,8,Aug,XL,251.0,0
123,India,Books,496.12,9,2025-01-30,4465.08,2025,1,Jan,XL,496.12,0
124,Germany,Sports,426.46,9,2025-10-08,3838.14,2025,10,Oct,XL,426.46,0
125,USA,Home Decor,108.21,5,2025-08-25,541.05,2025,8,Aug,Medium,108.21,0
126,Pakistan,Electronics,465.64,1,2025-09-05,465.64,2025,9,Sep,Medium,465.64,0
127,Pakistan,Sports,62.6,1,2025-01-25,62.6,2025,1,Jan,Small,62.6,0
128,UAE,Home Decor,409.64,6,2025-03-15,2457.84,2025,3,Mar,XL,409.64000000000004,0
129,Germany,Toys,193.41,2,2025-07-25,386.82,2025,7,Jul,Medium,193.41,0
130,Germany,Books,439.6,8,2025-04-04,3516.8,2025,4,Apr,XL,439.6,0
131,Pakistan,Toys,434.69,9,2025-05-07,3912.21,2025,5,May,XL,434.69,0
132,Germany,Books,403.93,4,2025-01-25,1615.72,2025,1,Jan,XL,403.93,0
133,India,Electronics,396.07,5,2025-04-26,1980.35,2025,4,Apr,XL,396.07,0
134,Canada,Fashion,155.82,8,2025-02-17,1246.56,2025,2,Feb,Large,155.82,0
135,UK,Electronics,45.06,3,2025-08-14,135.18,2025,8,Aug,Small,45.06,0
136,Brazil,Grocery,204.48,5,2025-09-23,1022.4,2025,9,Sep,Large,204.48,0
137,China,Sports,90.89,3,2025-04-09,272.67,2025,4,Apr,Medium,90.89,0
138,UAE,Beauty,349.0,3,2025-01-11,1047.0,2025,1,Jan,Large,349.0,0
139,Canada,Fashion,176.32,3,2025-03-26,528.96,2025,3,Mar,Medium,176.32000000000002,0
140,Pakistan,Electronics,487.93,7,2025-08-02,3415.51,2025,8,Aug,XL,487.93,0
141,Brazil,Home Decor,322.28,7,2025-06-22,2255.96,2025,6,Jun,XL,322.28000000000003,0
142,Germany,Fashion,412.13,7,2025-07-28,2884.91,2025,7,Jul,XL,412.13,0
143,China,Sports,70.6,8,2025-03-05,564.8,2025,3,Mar,Medium,70.6,0
144,Germany,Books,431.7,5,2025-09-15,2158.5,2025,9,Sep,XL,431.7,0
145,USA,Fashion,461.76,5,2025-05-01,2308.8,2025,5,May,XL,461.76000000000005,0
146,USA,Books,246.1,4,2025-10-25,984.4,2025,10,Oct,Large,246.1,0
147,China,Sports,305.1,7,2025-02-23,2135.7,2025,2,Feb,XL,305.09999999999997,0
148,China,Electronics,383.58,4,2025-09-29,1534.32,2025,9,Sep,XL,383.58,0
149,Pakistan,Sports,91.55,2,2025-08-29,183.1,2025,8,Aug,Small,91.55,0
150,China,Fashion,253.77,4,2025-08-31,1015.08,2025,8,Aug,Large,253.77,0
151,India,Home Decor,202.34,8,2025-01-18,1618.72,2025,1,Jan,XL,202.34,0
152,Germany,Toys,77.46,9,2025-07-06,697.14,2025,7,Jul,Medium,77.46,0
153,Canada,Fashion,186.93,3,2025-05-24,560.79,2025,5,May,Medium,186.92999999999998,0
154,Australia,Sports,38.75,7,2025-09-19,271.25,2025,9,Sep,Medium,38.75,0
155,China,Toys,17.78,9,2025-08-27,160.02,2025,8,Aug,Small,17.78,0
156,UAE,Sports,71.91,4,2025-10-31,287.64,2025,10,Oct,Medium,71.91,0
157,USA,Home Decor,481.74,3,2025-10-25,1445.22,2025,10,Oct,Large,481.74,0
158,India,Sports,277.02,5,2025-03-17,1385.1,2025,3,Mar,Large,277.02,0
159,Brazil,Electronics,483.08,1,2025-07-07,483.08,2025,7,Jul,Medium,483.08,0
160,Australia,Beauty,219.09,3,2025-09-03,657.27,2025,9,Sep,Medium,219.09,0
161,Canada,Books,159.35,8,2025-05-10,1274.8,2025,5,May,Large,159.35,0
162,Australia,Books,255.54,8,2025-10-10,2044.32,2025,10,Oct,XL,255.54,0
163,China,Fashion,222.56,4,2025-03-20,890.24,2025,3,Mar,Large,222.56,0
164,Pakistan,Beauty,57.3,2,2025-03-13,114.6,2025,3,Mar,Small,57.3,0
165,USA,Sports,322.21,8,2025-09-20,2577.68,2025,9,Sep,XL,322.21,0
166,USA,Home Decor,111.94,8,2025-07-10,895.52,2025,7,Jul,Large,111.94,0
167,Brazil,Fashion,311.7,4,2025-03-04,1246.8,2025,3,Mar,Large,311.7,0
168,Pakistan,Sports,326.85,3,2025-01-12,980.55,2025,1,Jan,Large,326.84999999999997,0
169,Germany,Toys,80.25,2,2025-05-21,160.5,2025,5,May,Small,80.25,0
170,UK,Grocery,35.37,9,2025-09-11,318.33,2025,9,Sep,Medium,35.37,0
171,India,Sports,391.48,1,2025-02-12,391.48,2025,2,Feb,Medium,391.48,0
172,USA,Beauty,232.6,7,2025-01-17,1628.2,2025,1,Jan,XL,232.6,0
173,UAE,Fashion,33.79,5,2025-03-04,168.95,2025,3,Mar,Small,33.79,0
174,USA,Beauty,497.46,8,2025-09-10,3979.68,2025,9,Sep,XL,497.46,0
175,Australia,Fashion,33.6,4,2025-10-19,134.4,2025,10,Oct,Small,33.6,0
176,USA,Sports,349.04,7,2025-01-08,2443.28,2025,1,Jan,XL,349.04,0
177,USA,Electronics,491.92,5,2025-03-31,2459.6,2025,3,Mar,XL,491.91999999999996,0
178,UK,Toys,123.39,5,2025-07-27,616.95,2025,7,Jul,Medium,123.39000000000001,0
179,UK,Sports,75.41,9,2025-10-19,678.69,2025,10,Oct,Medium,75.41000000000001,0
180,Canada,Books,65.09,9,2025-10-11,585.81,2025,10,Oct,Medium,65.08999999999999,0
181,Germany,Beauty,155.12,9,2025-04-28,1396.08,2025,4,Apr,Large,155.12,0
182,UAE,Grocery,55.02,6,2025-06-24,330.12,2025,6,Jun,Medium,55.02,0
183,USA,Grocery,347.62,6,2025-03-17,2085.72,2025,3,Mar,XL,347.61999999999995,0
184,USA,Home Decor,35.83,5,2025-04-11,179.15,2025,4,Apr,Small,35.83,0
185,India,Fashion,257.16,9,2025-05-31,2314.44,2025,5,May,XL,257.16,0
186,UK,Beauty,498.36,8,2025-09-27,3986.88,2025,9,Sep,XL,498.36,0
187,UAE,Home Decor,407.92,7,2025-03-12,2855.44,2025,3,Mar,XL,407.92,0
188,Brazil,Beauty,309.53,7,2025-06-29,2166.71,2025,6,Jun,XL,309.53000000000003,0
189,Canada,Books,156.6,6,2025-05-04,939.6,2025,5,May,Large,156.6,0
190,Germany,Fashion,313.83,5,2025-10-20,1569.15,2025,10,Oct,XL,313.83000000000004,0
191,Pakistan,Sports,265.89,4,2025-10-12,1063.56,2025,10,Oct,Large,265.89,0
192,Germany,Sports,215.91,3,2025-07-14,647.73,2025,7,Jul,Medium,215.91,0
193,Australia,Grocery,69.7,3,2025-08-16,209.1,2025,8,Aug,Small,69.7,0
194,USA,Sports,443.87,6,2025-10-02,2663.22,2025,10,Oct,XL,443.86999999999995,0
195,Canada,Sports,227.64,4,2025-04-16,910.56,2025,4,Apr,Large,227.64,0
196,Australia,Books,101.34,6,2025-01-21,608.04,2025,1,Jan,Medium,101.33999999999999,0
197,UAE,Electronics,187.04,3,2025-03-05,561.12,2025,3,Mar,Medium,187.04,0
198,Pakistan,Grocery,209.99,4,2025-06-14,839.96,2025,6,Jun,Large,209.99,0
199,UK,Home Decor,414.63,9,2025-01-27,3731.67,2025,1,Jan,XL,414.63,0
200,Canada,Toys,368.14,5,2025-10-12,1840.7,2025,10,Oct,XL,368.14,0
201,Canada,Electronics,385.81,7,2025-05-28,2700.67,2025,5,May,XL,385.81,0
202,USA,Home Decor,10.46,2,2025-10-08,20.92,2025,10,Oct,Small,10.46,0
203,China,Fashion,211.0,5,2025-06-13,1055.0,2025,6,Jun,Large,211.0,0
204,Canada,Electronics,243.27,9,2025-08-12,2189.43,2025,8,Aug,XL,243.26999999999998,0
205,India,Books,14.5,3,2025-09-29,43.5,2025,9,Sep,Small,14.5,0
206,Pakistan,Home Decor,133.61,9,2025-05-26,1202.49,2025,5,May,Large,133.61,0
207,Pakistan,Fashion,381.34,6,2025-01-30,2288.04,2025,1,Jan,XL,381.34,0
208,India,Grocery,72.87,4,2025-02-14,291.48,2025,2,Feb,Medium,72.87,0
209,Brazil,Toys,269.98,7,2025-10-02,1889.86,2025,10,Oct,XL,269.97999999999996,0
210,India,Fashion,111.52,8,2025-02-03,892.16,2025,2,Feb,Large,111.52,0
211,India,Sports,11.0,6,2025-05-21,66.0,2025,5,May,Small,11.0,0
212,Pakistan,Beauty,124.39,5,2025-08-09,621.95,2025,8,Aug,Medium,124.39000000000001,0
213,Germany,Fashion,488.06,6,2025-01-22,2928.36,2025,1,Jan,XL,488.06,0
214,Pakistan,Fashion,401.76,5,2025-06-29,2008.8,2025,6,Jun,XL,401.76,0
215,China,Toys,479.99,8,2025-08-19,3839.92,2025,8,Aug,XL,479.99,0
216,USA,Beauty,246.49,1,2025-02-07,246.49,2025,2,Feb,Small,246.49,0
217,Australia,Sports,59.32,7,2025-03-11,415.24,2025,3,Mar,Medium,59.32,0
218,Germany,Home Decor,276.24,2,2025-04-26,552.48,2025,4,Apr,Medium,276.24,0
219,UK,Home Decor,229.92,9,2025-08-27,2069.28,2025,8,Aug,XL,229.92000000000002,0
220,Australia,Fashion,422.96,1,2025-05-28,422.96,2025,5,May,Medium,422.96,0
221,USA,Books,53.55,6,2025-01-09,321.3,2025,1,Jan,Medium,53.550000000000004,0
222,China,Books,246.68,9,2025-10-15,2220.12,2025,10,Oct,XL,246.67999999999998,0
223,China,Beauty,79.27,1,2025-02-19,79.27,2025,2,Feb,Small,79.27,0
224,UK,Beauty,165.71,4,2025-01-05,662.84,2025,1,Jan,Medium,165.71,0
225,Germany,Sports,369.99,4,2025-05-06,1479.96,2025,5,May,Large,369.99,0
226,Brazil,Toys,240.63,9,2025-03-16,2165.67,2025,3,Mar,XL,240.63,0
227,India,Grocery,191.06,5,2025-06-14,955.3,2025,6,Jun,Large,191.06,0
228,Germany,Home Decor,200.27,5,2025-10-05,1001.35,2025,10,Oct,Large,200.27,0
229,Brazil,Toys,232.43,6,2025-10-27,1394.58,2025,10,Oct,Large,232.42999999999998,0
230,China,Electronics,393.58,1,2025-10-17,393.58,2025,10,Oct,Medium,393.58,0
231,Pakistan,Home Decor,446.58,1,2025-03-18,446.58,2025,3,Mar,Medium,446.58,0
232,USA,Toys,477.89,9,2025-10-25,4301.01,2025,10,Oct,XL,477.89000000000004,0
233,UK,Home Decor,394.52,3,2025-05-17,1183.56,2025,5,May,Large,394.52,0
234,USA,Grocery,161.13,4,2025-04-16,644.52,2025,4,Apr,Medium,161.13,0
235,UAE,Electronics,345.63,1,2025-04-05,345.63,2025,4,Apr,Medium,345.63,0
236,UAE,Books,221.61,9,2025-05-15,1994.49,2025,5,May,XL,221.61,0
237,Germany,Books,131.06,8,2025-03-09,1048.48,2025,3,Mar,Large,131.06,0
238,China,Grocery,421.23,2,2025-05-27,842.46,2025,5,May,Large,421.23,0
239,China,Sports,24.02,8,2025-06-08,192.16,2025,6,Jun,Small,24.02,0
240,India,Electronics,451.37,7,2025-06-12,3159.59,2025,6,Jun,XL,451.37,0
241,India,Fashion,233.43,6,2025-07-08,1400.58,2025,7,Jul,Large,233.42999999999998,0
242,India,Toys,320.41,1,2025-04-05,320.41,2025,4,Apr,Medium,320.41,0
243,Pakistan,Electronics,331.38,7,2025-06-30,2319.66,2025,6,Jun,XL,331.38,0
244,Australia,Sports,448.08,7,2025-10-15,3136.56,2025,10,Oct,XL,448.08,0
245,Canada,Sports,320.15,9,2025-07-06,2881.35,2025,7,Jul,XL,320.15,0
246,Australia,Grocery,308.9,1,2025-05-18,308.9,2025,5,May,Medium,308.9,0
247,USA,Home Decor,37.99,2,2025-05-10,75.98,2025,5,May,Small,37.99,0
248,Australia,Electronics,261.61,9,2025-07-13,2354.49,2025,7,Jul,XL,261.60999999999996,0
249,Pakistan,Toys,79.33,9,2025-09-30,713.97,2025,9,Sep,Medium,79.33,0
250,USA,Electronics,370.03,6,2025-05-24,2220.18,2025,5,May,XL,370.03,0
251,Australia,Beauty,258.55,6,2025-01-16,1551.3,2025,1,Jan,XL,258.55,0
252,Pakistan,Home Decor,341.71,4,2025-10-29,1366.84,2025,10,Oct,Large,341.71,0
253,Canada,Toys,25.63,4,2025-09-02,102.52,2025,9,Sep,Small,25.63,0
254,Australia,Books,46.97,5,2025-04-17,234.85,2025,4,Apr,Small,46.97,0
255,Pakistan,Toys,359.58,3,2025-03-29,1078.74,2025,3,Mar,Large,359.58,0
256,India,Fashion,40.68,1,2025-05-09,40.68,2025,5,May,Small,40.68,0
257,China,Grocery,40.27,1,2025-01-04,40.27,2025,1,Jan,Small,40.27,0
258,India,Fashion,10.99,7,2025-04-05,76.93,2025,4,Apr,Small,10.99,0
259,China,Toys,478.47,1,2025-07-28,478.47,2025,7,Jul,Medium,478.47,0
260,UK,Home Decor,370.07,1,2025-08-13,370.07,2025,8,Aug,Medium,370.07,0
261,UK,Electronics,179.86,3,2025-02-16,539.58,2025,2,Feb,Medium,179.86,0
262,UK,Books,151.79,4,2025-06-30,607.16,2025,6,Jun,Medium,151.79,0
263,Canada,Electronics,178.1,4,2025-04-16,712.4,2025,4,Apr,Medium,178.1,0
264,India,Home Decor,388.45,2,2025-07-18,776.9,2025,7,Jul,Large,388.45,0
265,China,Toys,332.38,1,2025-04-16,332.38,2025,4,Apr,Medium,332.38,0
266,Pakistan,Sports,96.67,3,2025-10-07,290.01,2025,10,Oct,Medium,96.67,0
267,USA,Electronics,91.18,4,2025-09-17,364.72,2025,9,Sep,Medium,91.18,0
268,Pakistan,Sports,53.71,3,2025-04-18,161.13,2025,4,Apr,Small,53.71,0
269,USA,Electronics,331.85,8,2025-01-19,2654.8,2025,1,Jan,XL,331.85,0
270,UAE,Electronics,383.36,1,2025-10-23,383.36,2025,10,Oct,Medium,383.36,0
271,Pakistan,Books,136.2,2,2025-06-20,272.4,2025,6,Jun,Medium,136.2,0
272,Australia,Grocery,15.37,7,2025-07-14,107.59,2025,7,Jul,Small,15.370000000000001,0
273,Australia,Grocery,45.67,4,2025-01-12,182.68,2025,1,Jan,Small,45.67,0
274,Germany,Beauty,484.09,8,2025-07-14,3872.72,2025,7,Jul,XL,484.09,0
275,India,Fashion,151.25,3,2025-10-10,453.75,2025,10,Oct,Medium,151.25,0
276,USA,Home Decor,385.77,6,2025-07-01,2314.62,2025,7,Jul,XL,385.77,0
277,USA,Home Decor,314.21,9,2025-11-01,2827.89,2025,11,Nov,XL,314.21,1
278,India,Home Decor,194.06,1,2025-05-24,194.06,2025,5,May,Small,194.06,0
279,Canada,Beauty,106.82,1,2025-07-01,106.82,2025,7,Jul,Small,106.82,0
280,Germany,Grocery,65.09,8,2025-01-30,520.72,2025,1,Jan,Medium,65.09,0
281,Canada,Toys,309.43,3,2025-03-25,928.29,2025,3,Mar,Large,309.43,0
282,Canada,Sports,388.44,5,2025-06-15,1942.2,2025,6,Jun,XL,388.44,0
283,Canada,Books,323.73,1,2025-10-11,323.73,2025,10,Oct,Medium,323.73,0
284,India,Sports,267.5,5,2025-10-08,1337.5,2025,10,Oct,Large,267.5,0
285,Canada,Toys,25.77,6,2025-04-06,154.62,2025,4,Apr,Small,25.77,0
286,Australia,Books,484.4,8,2025-09-23,3875.2,2025,9,Sep,XL,484.4,0
287,UK,Beauty,400.36,3,2025-10-25,1201.08,2025,10,Oct,Large,400.35999999999996,0
288,UAE,Toys,149.95,3,2025-10-23,449.85,2025,10,Oct,Medium,149.95000000000002,0
289,USA,Home Decor,490.09,9,2025-08-13,4410.81,2025,8,Aug,XL,490.09000000000003,0
290,USA,Fashion,302.93,4,2025-02-11,1211.72,2025,2,Feb,Large,302.93,0
291,UAE,Electronics,293.3,4,2025-10-30,1173.2,2025,10,Oct,Large,293.3,0
292,India,Sports,375.3,7,2025-09-03,2627.1,2025,9,Sep,XL,375.3,0
293,Pakistan,Grocery,406.83,2,2025-07-27,813.66,2025,7,Jul,Large,406.83,0
294,India,Grocery,329.96,8,2025-08-25,2639.68,2025,8,Aug,XL,329.96,0
295,USA,Beauty,68.41,6,2025-01-22,410.46,2025,1,Jan,Medium,68.41,0
296,USA,Books,172.44,3,2025-07-04,517.32,2025,7,Jul,Medium,172.44000000000003,0
297,UAE,Grocery,464.4,9,2025-08-30,4179.6,2025,8,Aug,XL,464.40000000000003,0
298,Canada,Home Decor,116.18,5,2025-10-10,580.9,2025,10,Oct,Medium,116.17999999999999,0
299,India,Sports,189.22,8,2025-02-10,1513.76,2025,2,Feb,XL,189.22,0
300,China,Toys,218.88,7,2025-06-11,1532.16,2025,6,Jun,XL,218.88000000000002,0
301,UAE,Home Decor,222.51,8,2025-06-09,1780.08,2025,6,Jun,XL,222.51,0
302,Australia,Beauty,308.41,7,2025-03-30,2158.87,2025,3,Mar,XL,308.40999999999997,0
303,USA,Home Decor,471.82,3,2025-01-12,1415.46,2025,1,Jan,Large,471.82,0
304,UAE,Toys,124.14,2,2025-03-14,248.28,2025,3,Mar,Small,124.14,0
305,India,Fashion,65.14,7,2025-03-17,455.98,2025,3,Mar,Medium,65.14,0
306,USA,Beauty,102.75,3,2025-07-20,308.25,2025,7,Jul,Medium,102.75,0
307,Pakistan,Fashion,444.03,3,2025-01-10,1332.09,2025,1,Jan,Large,444.03,0
308,UAE,Electronics,324.68,2,2025-08-14,649.36,2025,8,Aug,Medium,324.68,0
309,Germany,Fashion,146.52,4,2025-06-25,586.08,2025,6,Jun,Medium,146.52,0
310,USA,Electronics,408.89,8,2025-10-03,3271.12,2025,10,Oct,XL,408.89,0
311,India,Electronics,431.38,1,2025-02-08,431.38,2025,2,Feb,Medium,431.38,0
312,UK,Fashion,424.02,1,2025-03-01,424.02,2025,3,Mar,Medium,424.02,0
313,China,Beauty,459.87,5,2025-03-07,2299.35,2025,3,Mar,XL,459.87,0
314,Brazil,Books,129.86,5,2025-05-04,649.3,2025,5,May,Medium,129.85999999999999,0
315,Canada,Toys,378.75,1,2025-06-13,378.75,2025,6,Jun,Medium,378.75,0
316,Brazil,Home Decor,232.97,6,2025-06-08,1397.82,2025,6,Jun,Large,232.97,0
317,India,Home Decor,421.79,1,2025-02-26,421.79,2025,2,Feb,Medium,421.79,0
318,Australia,Toys,365.6,5,2025-03-19,1828.0,2025,3,Mar,XL,365.6,0
319,Australia,Sports,389.34,9,2025-07-13,3504.06,2025,7,Jul,XL,389.34,0
320,UK,Sports,329.8,5,2025-10-12,1649.0,2025,10,Oct,XL,329.8,0
321,Canada,Electronics,92.83,6,2025-01-15,556.98,2025,1,Jan,Medium,92.83,0
322,Germany,Electronics,274.79,8,2025-01-12,2198.32,2025,1,Jan,XL,274.79,0
323,UK,Beauty,492.41,1,2025-04-11,492.41,2025,4,Apr,Medium,492.41,0
324,Brazil,Grocery,469.01,2,2025-06-05,938.02,2025,6,Jun,Large,469.01,0
325,UK,Fashion,26.37,9,2025-05-05,237.33,2025,5,May,Small,26.37,0
326,Brazil,Electronics,86.58,3,2025-10-07,259.74,2025,10,Oct,Medium,86.58,0
327,USA,Home Decor,70.21,6,2025-04-20,421.26,2025,4,Apr,Medium,70.21,0
328,Australia,Beauty,364.36,5,2025-05-26,1821.8,2025,5,May,XL,364.36,0
329,USA,Fashion,409.8,2,2025-08-04,819.6,2025,8,Aug,Large,409.8,0
330,China,Beauty,110.69,7,2025-06-11,774.83,2025,6,Jun,Large,110.69000000000001,0
331,Canada,Fashion,255.4,4,2025-05-08,1021.6,2025,5,May,Large,255.4,0
332,Germany,Fashion,421.15,1,2025-05-30,421.15,2025,5,May,Medium,421.15,0
333,Brazil,Toys,367.74,4,2025-02-05,1470.96,2025,2,Feb,Large,367.74,0
334,Germany,Electronics,273.41,6,2025-06-22,1640.46,2025,6,Jun,XL,273.41,0
335,Brazil,Books,297.22,7,2025-01-22,2080.54,2025,1,Jan,XL,297.21999999999997,0
336,India,Beauty,256.64,7,2025-07-25,1796.48,2025,7,Jul,XL,256.64,0
337,UK,Books,152.29,7,2025-05-07,1066.03,2025,5,May,Large,152.29,0
338,China,Beauty,284.69,3,2025-08-05,854.07,2025,8,Aug,Large,284.69,0
339,Australia,Toys,346.0,6,2025-04-06,2076.0,2025,4,Apr,XL,346.0,0
340,Brazil,Home Decor,437.29,8,2025-06-13,3498.32,2025,6,Jun,XL,437.29,0
341,Germany,Books,319.96,4,2025-05-28,1279.84,2025,5,May,Large,319.96,0
342,China,Home Decor,381.76,8,2025-01-18,3054.08,2025,1,Jan,XL,381.76,0
343,Pakistan,Sports,84.24,2,2025-10-21,168.48,2025,10,Oct,Small,84.24,0
344,Pakistan,Electronics,233.47,9,2025-07-14,2101.23,2025,7,Jul,XL,233.47,0
345,USA,Electronics,9.62,9,2025-05-31,86.58,2025,5,May,Small,9.62,0
346,Australia,Grocery,127.11,8,2025-05-03,1016.88,2025,5,May,Large,127.11,0
347,India,Toys,364.6,1,2025-07-06,364.6,2025,7,Jul,Medium,364.6,0
348,Germany,Home Decor,495.95,2,2025-05-29,991.9,2025,5,May,Large,495.95,0
349,UK,Fashion,54.09,6,2025-04-14,324.54,2025,4,Apr,Medium,54.09,0
350,UK,Beauty,203.74,5,2025-08-31,1018.7,2025,8,Aug,Large,203.74,0
351,Germany,Electronics,401.04,9,2025-08-19,3609.36,2025,8,Aug,XL,401.04,0
352,Canada,Books,106.0,5,2025-07-25,530.0,2025,7,Jul,Medium,106.0,0
353,India,Beauty,279.77,2,2025-07-17,559.54,2025,7,Jul,Medium,279.77,0
354,China,Beauty,367.87,4,2025-03-28,1471.48,2025,3,Mar,Large,367.87,0
355,Brazil,Grocery,309.91,9,2025-05-22,2789.19,2025,5,May,XL,309.91,0
356,Canada,Home Decor,98.07,1,2025-07-18,98.07,2025,7,Jul,Small,98.07,0
357,Brazil,Electronics,180.92,1,2025-02-15,180.92,2025,2,Feb,Small,180.92,0
358,Brazil,Beauty,392.98,7,2025-10-15,2750.86,2025,10,Oct,XL,392.98,0
359,Canada,Electronics,279.34,3,2025-01-15,838.02,2025,1,Jan,Large,279.34,0
360,USA,Fashion,7.59,2,2025-02-13,15.18,2025,2,Feb,Small,7.59,0
361,Pakistan,Grocery,381.69,9,2025-06-18,3435.21,2025,6,Jun,XL,381.69,0
362,Brazil,Fashion,22.48,3,2025-02-13,67.44,2025,2,Feb,Small,22.48,0
363,Canada,Electronics,374.14,2,2025-04-08,748.28,2025,4,Apr,Medium,374.14,0
364,Canada,Sports,105.23,8,2025-09-18,841.84,2025,9,Sep,Large,105.23,0
365,UAE,Books,479.25,6,2025-04-19,2875.5,2025,4,Apr,XL,479.25,0
366,USA,Electronics,187.13,6,2025-10-10,1122.78,2025,10,Oct,Large,187.13,0
367,Australia,Home Decor,166.83,7,2025-04-14,1167.81,2025,4,Apr,Large,166.82999999999998,0
368,UAE,Beauty,78.7,7,2025-09-13,550.9,2025,9,Sep,Medium,78.7,0
369,UAE,Beauty,156.27,6,2025-07-25,937.62,2025,7,Jul,Large,156.27,0
370,Germany,Fashion,438.94,4,2025-02-12,1755.76,2025,2,Feb,XL,438.94,0
371,Pakistan,Books,498.19,9,2025-09-02,4483.71,2025,9,Sep,XL,498.19,0
372,Canada,Grocery,187.31,6,2025-10-14,1123.86,2025,10,Oct,Large,187.30999999999997,0
373,Pakistan,Sports,227.06,4,2025-09-30,908.24,2025,9,Sep,Large,227.06,0
374,India,Toys,362.43,3,2025-03-24,1087.29,2025,3,Mar,Large,362.43,0
375,Germany,Books,443.67,4,2025-04-20,1774.68,2025,4,Apr,XL,443.67,0
376,Australia,Beauty,298.56,3,2025-07-09,895.68,2025,7,Jul,Large,298.56,0
377,Pakistan,Home Decor,198.81,2,2025-10-15,397.62,2025,10,Oct,Medium,198.81,0
378,UK,Books,209.25,5,2025-09-08,1046.25,2025,9,Sep,Large,209.25,0
379,Brazil,Fashion,349.33,2,2025-07-31,698.66,2025,7,Jul,Medium,349.33,0
380,India,Fashion,6.59,6,2025-10-18,39.54,2025,10,Oct,Small,6.59,0
381,USA,Toys,311.7,3,2025-05-13,935.1,2025,5,May,Large,311.7,0
382,Australia,Home Decor,180.97,6,2025-07-20,1085.82,2025,7,Jul,Large,180.97,0
383,India,Grocery,398.13,9,2025-10-12,3583.17,2025,10,Oct,XL,398.13,0
384,Brazil,Books,51.03,1,2025-04-05,51.03,2025,4,Apr,Small,51.03,0
385,Germany,Home Decor,296.16,6,2025-10-05,1776.96,2025,10,Oct,XL,296.16,0
386,Brazil,Grocery,243.08,9,2025-08-07,2187.72,2025,8,Aug,XL,243.07999999999998,0
387,UAE,Home Decor,322.95,4,2025-03-30,1291.8,2025,3,Mar,Large,322.95,0
388,Brazil,Home Decor,37.1,2,2025-03-13,74.2,2025,3,Mar,Small,37.1,0
389,UAE,Electronics,292.09,4,2025-09-04,1168.36,2025,9,Sep,Large,292.09,0
390,Germany,Fashion,282.93,1,2025-05-09,282.93,2025,5,May,Medium,282.93,0
391,China,Books,282.53,3,2025-07-31,847.59,2025,7,Jul,Large,282.53000000000003,0
392,UAE,Home Decor,303.73,9,2025-04-06,2733.57,2025,4,Apr,XL,303.73,0
393,USA,Books,339.85,5,2025-03-16,1699.25,2025,3,Mar,XL,339.85,0
394,Brazil,Toys,403.47,6,2025-02-23,2420.82,2025,2,Feb,XL,403.47,0
395,Brazil,Home Decor,138.56,3,2025-02-23,415.68,2025,2,Feb,Medium,138.56,0
396,USA,Beauty,413.4,5,2025-08-06,2067.0,2025,8,Aug,XL,413.4,0
397,UK,Fashion,251.64,8,2025-01-16,2013.12,2025,1,Jan,XL,251.64,0
398,Canada,Beauty,43.14,6,2025-04-09,258.84,2025,4,Apr,Medium,43.13999999999999,0
399,China,Books,33.98,4,2025-01-20,135.92,2025,1,Jan,Small,33.98,0
400,Australia,Books,170.45,2,2025-02-15,340.9,2025,2,Feb,Medium,170.45,0
401,UAE,Fashion,393.52,9,2025-07-12,3541.68,2025,7,Jul,XL,393.52,0
402,USA,Books,355.3,1,2025-02-27,355.3,2025,2,Feb,Medium,355.3,0
403,Germany,Beauty,395.36,1,2025-04-21,395.36,2025,4,Apr,Medium,395.36,0
404,UAE,Home Decor,261.05,4,2025-05-09,1044.2,2025,5,May,Large,261.05,0
405,Canada,Home Decor,222.9,7,2025-07-13,1560.3,2025,7,Jul,XL,222.9,0
406,Germany,Electronics,77.99,1,2025-01-08,77.99,2025,1,Jan,Small,77.99,0
407,India,Toys,167.46,9,2025-01-29,1507.14,2025,1,Jan,XL,167.46,0
408,Brazil,Books,219.84,4,2025-04-22,879.36,2025,4,Apr,Large,219.84,0
409,India,Beauty,48.86,3,2025-06-10,146.58,2025,6,Jun,Small,48.86000000000001,0
410,UAE,Books,114.2,1,2025-05-11,114.2,2025,5,May,Small,114.2,0
411,Canada,Books,301.12,4,2025-07-07,1204.48,2025,7,Jul,Large,301.12,0
412,China,Grocery,369.15,9,2025-06-12,3322.35,2025,6,Jun,XL,369.15,0
413,UAE,Electronics,499.18,6,2025-07-16,2995.08,2025,7,Jul,XL,499.18,0
414,USA,Beauty,466.89,6,2025-07-23,2801.34,2025,7,Jul,XL,466.89000000000004,0
415,Pakistan,Beauty,323.07,1,2025-07-31,323.07,2025,7,Jul,Medium,323.07,0
416,UAE,Books,213.52,2,2025-04-19,427.04,2025,4,Apr,Medium,213.52,0
417,Brazil,Electronics,319.91,6,2025-10-03,1919.46,2025,10,Oct,XL,319.91,0
418,Brazil,Home Decor,393.9,2,2025-03-14,787.8,2025,3,Mar,Large,393.9,0
419,UAE,Beauty,63.58,3,2025-06-16,190.74,2025,6,Jun,Small,63.580000000000005,0
420,Germany,Home Decor,207.9,4,2025-09-17,831.6,2025,9,Sep,Large,207.9,0
421,Pakistan,Electronics,420.7,5,2025-08-31,2103.5,2025,8,Aug,XL,420.7,0
422,USA,Home Decor,195.0,9,2025-10-02,1755.0,2025,10,Oct,XL,195.0,0
423,UAE,Fashion,288.08,4,2025-04-12,1152.32,2025,4,Apr,Large,288.08,0
424,Germany,Grocery,295.95,9,2025-06-22,2663.55,2025,6,Jun,XL,295.95000000000005,0
425,Brazil,Sports,96.32,3,2025-06-20,288.96,2025,6,Jun,Medium,96.32,0
426,Brazil,Beauty,184.31,8,2025-05-21,1474.48,2025,5,May,Large,184.31,0
427,Canada,Toys,170.58,1,2025-07-07,170.58,2025,7,Jul,Small,170.58,0
428,UAE,Grocery,17.97,9,2025-03-27,161.73,2025,3,Mar,Small,17.97,0
429,Pakistan,Sports,16.97,9,2025-02-21,152.73,2025,2,Feb,Small,16.97,0
430,UK,Home Decor,416.69,2,2025-04-21,833.38,2025,4,Apr,Large,416.69,0
431,Pakistan,Beauty,140.17,4,2025-02-12,560.68,2025,2,Feb,Medium,140.17,0
432,Brazil,Home Decor,261.45,8,2025-07-30,2091.6,2025,7,Jul,XL,261.45,0
433,Brazil,Fashion,152.87,7,2025-07-19,1070.09,2025,7,Jul,Large,152.86999999999998,0
434,India,Electronics,470.64,1,2025-10-25,470.64,2025,10,Oct,Medium,470.64,0
435,Brazil,Beauty,133.35,5,2025-08-28,666.75,2025,8,Aug,Medium,133.35,0
436,USA,Sports,217.68,7,2025-04-25,1523.76,2025,4,Apr,XL,217.68,0
437,Australia,Sports,437.0,4,2025-01-26,1748.0,2025,1,Jan,XL,437.0,0
438,UAE,Fashion,421.76,1,2025-10-26,421.76,2025,10,Oct,Medium,421.76,0
439,Pakistan,Fashion,97.12,9,2025-03-18,874.08,2025,3,Mar,Large,97.12,0
440,Australia,Books,402.31,5,2025-05-17,2011.55,2025,5,May,XL,402.31,0
441,Germany,Beauty,231.8,2,2025-01-20,463.6,2025,1,Jan,Medium,231.8,0
442,UK,Home Decor,244.07,8,2025-07-30,1952.56,2025,7,Jul,XL,244.07,0
443,USA,Toys,71.07,2,2025-08-28,142.14,2025,8,Aug,Small,71.07,0
444,Pakistan,Sports,44.9,3,2025-02-08,134.7,2025,2,Feb,Small,44.9,0
445,Australia,Sports,365.33,1,2025-09-25,365.33,2025,9,Sep,Medium,365.33,0
446,UK,Fashion,250.75,2,2025-07-26,501.5,2025,7,Jul,Medium,250.75,0
447,India,Grocery,221.24,7,2025-09-24,1548.68,2025,9,Sep,XL,221.24,0
448,USA,Fashion,366.11,2,2025-06-03,732.22,2025,6,Jun,Medium,366.11,0
449,USA,Toys,383.93,6,2025-02-11,2303.58,2025,2,Feb,XL,383.93,0
450,India,Home Decor,83.66,3,2025-01-11,250.98,2025,1,Jan,Medium,83.66,0
451,UAE,Home Decor,307.06,4,2025-10-21,1228.24,2025,10,Oct,Large,307.06,0
452,India,Grocery,72.0,8,2025-04-08,576.0,2025,4,Apr,Medium,72.0,0
453,USA,Sports,376.93,3,2025-10-02,1130.79,2025,10,Oct,Large,376.93,0
454,USA,Fashion,330.19,6,2025-08-18,1981.14,2025,8,Aug,XL,330.19,0
455,Australia,Books,478.52,1,2025-08-08,478.52,2025,8,Aug,Medium,478.52,0
456,Brazil,Home Decor,39.13,7,2025-03-06,273.91,2025,3,Mar,Medium,39.13,0
457,UK,Toys,33.24,8,2025-08-20,265.92,2025,8,Aug,Medium,33.24,0
458,India,Beauty,144.68,8,2025-02-21,1157.44,2025,2,Feb,Large,144.68,0
459,UK,Electronics,134.54,3,2025-09-20,403.62,2025,9,Sep,Medium,134.54,0
460,India,Electronics,127.25,1,2025-09-24,127.25,2025,9,Sep,Small,127.25,0
461,Germany,Electronics,453.6,9,2025-06-03,4082.4,2025,6,Jun,XL,453.6,0
462,USA,Books,128.53,6,2025-05-20,771.18,2025,5,May,Large,128.53,0
463,Brazil,Sports,139.62,9,2025-02-20,1256.58,2025,2,Feb,Large,139.62,0
464,Australia,Fashion,380.9,7,2025-04-27,2666.3,2025,4,Apr,XL,380.90000000000003,0
465,Brazil,Grocery,227.62,1,2025-02-15,227.62,2025,2,Feb,Small,227.62,0
466,Brazil,Books,389.47,1,2025-03-29,389.47,2025,3,Mar,Medium,389.47,0
467,Brazil,Books,37.36,6,2025-07-27,224.16,2025,7,Jul,Small,37.36,0
468,UK,Home Decor,246.35,5,2025-09-26,1231.75,2025,9,Sep,Large,246.35,0
469,India,Beauty,21.64,9,2025-03-30,194.76,2025,3,Mar,Small,21.64,0
470,China,Books,36.01,2,2025-04-28,72.02,2025,4,Apr,Small,36.01,0
471,Germany,Toys,453.69,8,2025-02-23,3629.52,2025,2,Feb,XL,453.69,0
472,Pakistan,Beauty,73.93,5,2025-04-26,369.65,2025,4,Apr,Medium,73.92999999999999,0
473,Brazil,Toys,268.55,2,2025-04-28,537.1,2025,4,Apr,Medium,268.55,0
474,UAE,Sports,208.49,6,2025-09-17,1250.94,2025,9,Sep,Large,208.49,0
475,UK,Fashion,176.93,8,2025-03-16,1415.44,2025,3,Mar,Large,176.93,0
476,Australia,Electronics,450.42,4,2025-11-01,1801.68,2025,11,Nov,XL,450.42,1
477,Pakistan,Books,15.8,2,2025-01-07,31.6,2025,1,Jan,Small,15.8,0
478,China,Fashion,333.58,5,2025-05-02,1667.9,2025,5,May,XL,333.58000000000004,0
479,UAE,Sports,481.88,2,2025-01-11,963.76,2025,1,Jan,Large,481.88,0
480,China,Grocery,282.28,2,2025-08-03,564.56,2025,8,Aug,Medium,282.28,0
481,Pakistan,Grocery,468.73,6,2025-10-06,2812.38,2025,10,Oct,XL,468.73,0
482,Brazil,Sports,30.87,9,2025-01-28,277.83,2025,1,Jan,Medium,30.869999999999997,0
483,UAE,Toys,212.3,4,2025-08-23,849.2,2025,8,Aug,Large,212.3,0
484,China,Home Decor,133.78,6,2025-01-26,802.68,2025,1,Jan,Large,133.78,0
485,Australia,Home Decor,366.76,7,2025-02-23,2567.32,2025,2,Feb,XL,366.76000000000005,0
486,India,Toys,490.74,6,2025-01-29,2944.44,2025,1,Jan,XL,490.74,0
487,USA,Grocery,131.98,8,2025-06-13,1055.84,2025,6,Jun,Large,131.98,0
488,India,Grocery,328.82,4,2025-09-27,1315.28,2025,9,Sep,Large,328.82,0
489,Pakistan,Books,103.06,1,2025-02-04,103.06,2025,2,Feb,Small,103.06,0
490,UK,Grocery,284.84,7,2025-10-13,1993.88,2025,10,Oct,XL,284.84000000000003,0
491,USA,Fashion,234.65,3,2025-09-30,703.95,2025,9,Sep,Medium,234.65,0
492,Germany,Grocery,486.14,6,2025-07-27,2916.84,2025,7,Jul,XL,486.14000000000004,0
493,Australia,Beauty,306.22,2,2025-08-26,612.44,2025,8,Aug,Medium,306.22,0
494,Germany,Books,178.01,9,2025-04-03,1602.09,2025,4,Apr,XL,178.01,0
495,UAE,Electronics,61.48,1,2025-06-22,61.48,2025,6,Jun,Small,61.48,0
496,USA,Grocery,79.87,6,2025-03-20,479.22,2025,3,Mar,Medium,79.87,0
497,Germany,Toys,116.53,6,2025-04-20,699.18,2025,4,Apr,Medium,116.52999999999999,0
498,Germany,Electronics,129.23,5,2025-08-05,646.15,2025,8,Aug,Medium,129.23,0
499,China,Fashion,426.05,5,2025-04-16,2130.25,2025,4,Apr,XL,426.05,0
500,India,Toys,282.81,1,2025-02-16,282.81,2025,2,Feb,Medium,282.81,0
501,China,Electronics,264.08,5,2025-06-30,1320.4,2025,6,Jun,Large,264.08000000000004,0
502,USA,Toys,61.81,2,2025-03-05,123.62,2025,3,Mar,Small,61.81,0
503,USA,Fashion,430.77,7,2025-09-03,3015.39,2025,9,Sep,XL,430.77,0
504,Pakistan,Books,362.79,3,2025-09-01,1088.37,2025,9,Sep,Large,362.78999999999996,0
505,China,Beauty,38.5,4,2025-03-28,154.0,2025,3,Mar,Small,38.5,0
506,Canada,Fashion,355.38,3,2025-08-05,1066.14,2025,8,Aug,Large,355.38000000000005,0
507,India,Fashion,274.05,3,2025-01-07,822.15,2025,1,Jan,Large,274.05,0
508,USA,Toys,45.45,4,2025-10-05,181.8,2025,10,Oct,Small,45.45,0
509,Pakistan,Books,231.86,5,2025-07-29,1159.3,2025,7,Jul,Large,231.85999999999999,0
510,China,Sports,244.92,1,2025-06-18,244.92,2025,6,Jun,Small,244.92,0
511,India,Home Decor,87.06,4,2025-05-18,348.24,2025,5,May,Medium,87.06,0
512,China,Grocery,473.12,8,2025-08-18,3784.96,2025,8,Aug,XL,473.12,0
513,Germany,Grocery,425.74,7,2025-06-10,2980.18,2025,6,Jun,XL,425.73999999999995,0
514,Pakistan,Beauty,336.17,9,2025-01-01,3025.53,2025,1,Jan,XL,336.17,0
515,India,Beauty,233.84,5,2025-08-24,1169.2,2025,8,Aug,Large,233.84,0
516,Brazil,Grocery,208.82,4,2025-07-07,835.28,2025,7,Jul,Large,208.82,0
517,UAE,Home Decor,327.23,8,2025-01-04,2617.84,2025,1,Jan,XL,327.23,0
518,UAE,Grocery,274.99,9,2025-05-12,2474.91,2025,5,May,XL,274.99,0
519,India,Sports,35.83,7,2025-08-06,250.81,2025,8,Aug,Medium,35.83,0
520,China,Home Decor,258.69,7,2025-09-17,1810.83,2025,9,Sep,XL,258.69,0
521,Pakistan,Beauty,404.17,5,2025-01-01,2020.85,2025,1,Jan,XL,404.16999999999996,0
522,UAE,Electronics,232.32,4,2025-03-12,929.28,2025,3,Mar,Large,232.32,0
523,Pakistan,Toys,30.72,1,2025-06-27,30.72,2025,6,Jun,Small,30.72,0
524,UAE,Sports,394.21,7,2025-07-08,2759.47,2025,7,Jul,XL,394.21,0
525,Germany,Sports,104.68,1,2025-10-18,104.68,2025,10,Oct,Small,104.68,0
526,China,Books,133.02,1,2025-01-08,133.02,2025,1,Jan,Small,133.02,0
527,Germany,Beauty,86.53,5,2025-09-10,432.65,2025,9,Sep,Medium,86.53,0
528,UAE,Beauty,168.46,9,2025-10-19,1516.14,2025,10,Oct,XL,168.46,0
529,Brazil,Fashion,379.59,6,2025-09-01,2277.54,2025,9,Sep,XL,379.59,0
530,Brazil,Sports,262.1,3,2025-05-03,786.3,2025,5,May,Large,262.09999999999997,0
531,Germany,Fashion,106.42,3,2025-10-26,319.26,2025,10,Oct,Medium,106.42,0
532,Brazil,Fashion,439.53,7,2025-10-10,3076.71,2025,10,Oct,XL,439.53000000000003,0
533,UAE,Toys,440.39,6,2025-02-01,2642.34,2025,2,Feb,XL,440.39000000000004,0
534,India,Fashion,435.94,9,2025-05-26,3923.46,2025,5,May,XL,435.94,0
535,Germany,Home Decor,123.2,6,2025-06-05,739.2,2025,6,Jun,Medium,123.2,0
536,UK,Grocery,228.36,5,2025-01-16,1141.8,2025,1,Jan,Large,228.35999999999999,0
537,China,Electronics,492.57,7,2025-02-16,3447.99,2025,2,Feb,XL,492.57,0
538,Brazil,Beauty,387.15,1,2025-09-08,387.15,2025,9,Sep,Medium,387.15,0
539,Brazil,Home Decor,18.45,7,2025-07-06,129.15,2025,7,Jul,Small,18.45,0
540,USA,Electronics,37.28,3,2025-01-31,111.84,2025,1,Jan,Small,37.28,0
541,Canada,Sports,234.65,9,2025-09-17,2111.85,2025,9,Sep,XL,234.64999999999998,0
542,Germany,Sports,455.06,6,2025-01-17,2730.36,2025,1,Jan,XL,455.06,0
543,Australia,Sports,271.66,9,2025-02-08,2444.94,2025,2,Feb,XL,271.66,0
544,Brazil,Home Decor,251.42,5,2025-10-31,1257.1,2025,10,Oct,Large,251.42,0
545,China,Home Decor,57.21,7,2025-02-08,400.47,2025,2,Feb,Medium,57.21,0
546,UK,Beauty,330.11,4,2025-05-12,1320.44,2025,5,May,Large,330.11,0
547,Brazil,Grocery,411.94,7,2025-01-30,2883.58,2025,1,Jan,XL,411.94,0
548,UK,Books,193.31,1,2025-06-07,193.31,2025,6,Jun,Small,193.31,0
549,UAE,Fashion,388.93,7,2025-10-05,2722.51,2025,10,Oct,XL,388.93,0
550,UAE,Sports,482.42,8,2025-07-22,3859.36,2025,7,Jul,XL,482.42,0
551,Canada,Toys,105.86,5,2025-03-07,529.3,2025,3,Mar,Medium,105.85999999999999,0
552,India,Grocery,264.05,2,2025-04-18,528.1,2025,4,Apr,Medium,264.05,0
553,Australia,Toys,147.13,5,2025-09-25,735.65,2025,9,Sep,Medium,147.13,0
554,USA,Beauty,397.46,6,2025-08-10,2384.76,2025,8,Aug,XL,397.46000000000004,0
555,Canada,Beauty,290.91,2,2025-10-19,581.82,2025,10,Oct,Medium,290.91,0
556,Pakistan,Beauty,319.12,6,2025-01-18,1914.72,2025,1,Jan,XL,319.12,0
557,USA,Electronics,399.97,6,2025-03-31,2399.82,2025,3,Mar,XL,399.97,0
558,Germany,Toys,201.01,1,2025-06-30,201.01,2025,6,Jun,Small,201.01,0
559,China,Grocery,457.97,1,2025-09-12,457.97,2025,9,Sep,Medium,457.97,0
560,Pakistan,Books,268.85,3,2025-09-10,806.55,2025,9,Sep,Large,268.84999999999997,0
561,Pakistan,Grocery,83.19,3,2025-09-14,249.57,2025,9,Sep,Small,83.19,0
562,Canada,Home Decor,349.47,4,2025-03-28,1397.88,2025,3,Mar,Large,349.47,0
563,India,Home Decor,397.66,2,2025-03-31,795.32,2025,3,Mar,Large,397.66,0
564,Canada,Sports,161.8,9,2025-08-25,1456.2,2025,8,Aug,Large,161.8,0
565,Germany,Books,429.3,7,2025-03-11,3005.1,2025,3,Mar,XL,429.3,0
566,Brazil,Home Decor,453.54,7,2025-02-13,3174.78,2025,2,Feb,XL,453.54,0
567,Brazil,Beauty,142.07,6,2025-07-19,852.42,2025,7,Jul,Large,142.07,0
568,India,Grocery,491.84,3,2025-06-01,1475.52,2025,6,Jun,Large,491.84,0
569,Germany,Toys,74.65,6,2025-03-27,447.9,2025,3,Mar,Medium,74.64999999999999,0
570,India,Beauty,105.0,8,2025-01-19,840.0,2025,1,Jan,Large,105.0,0
571,UK,Electronics,96.19,8,2025-04-11,769.52,2025,4,Apr,Large,96.19,0
572,Brazil,Home Decor,447.52,9,2025-04-05,4027.68,2025,4,Apr,XL,447.52,0
573,Pakistan,Beauty,328.87,1,2025-09-11,328.87,2025,9,Sep,Medium,328.87,0
574,Australia,Beauty,80.29,1,2025-01-30,80.29,2025,1,Jan,Small,80.29,0
575,China,Electronics,222.96,3,2025-09-06,668.88,2025,9,Sep,Medium,222.96,0
576,Germany,Fashion,309.57,3,2025-02-02,928.71,2025,2,Feb,Large,309.57,0
577,USA,Grocery,46.31,8,2025-08-17,370.48,2025,8,Aug,Medium,46.31,0
578,India,Toys,441.8,1,2025-01-12,441.8,2025,1,Jan,Medium,441.8,0
579,China,Sports,402.78,2,2025-04-28,805.56,2025,4,Apr,Large,402.78,0
580,USA,Fashion,255.08,2,2025-06-04,510.16,2025,6,Jun,Medium,255.08,0
581,China,Home Decor,483.73,3,2025-09-03,1451.19,2025,9,Sep,Large,483.73,0
582,Australia,Beauty,211.79,6,2025-09-04,1270.74,2025,9,Sep,Large,211.79,0
583,USA,Books,492.13,1,2025-01-29,492.13,2025,1,Jan,Medium,492.13,0
584,Canada,Electronics,335.62,2,2025-06-10,671.24,2025,6,Jun,Medium,335.62,0
585,UAE,Electronics,319.16,1,2025-08-23,319.16,2025,8,Aug,Medium,319.16,0
586,Canada,Books,87.15,5,2025-07-09,435.75,2025,7,Jul,Medium,87.15,0
587,Brazil,Grocery,441.55,7,2025-04-27,3090.85,2025,4,Apr,XL,441.55,0
588,UAE,Fashion,216.61,8,2025-09-28,1732.88,2025,9,Sep,XL,216.61,0
589,Canada,Sports,85.31,1,2025-09-15,85.31,2025,9,Sep,Small,85.31,0
590,UAE,Grocery,11.24,7,2025-06-29,78.68,2025,6,Jun,Small,11.24,0
591,UAE,Books,282.08,5,2025-06-21,1410.4,2025,6,Jun,Large,282.08000000000004,0
592,Pakistan,Beauty,266.06,1,2025-10-01,266.06,2025,10,Oct,Medium,266.06,0
593,India,Books,361.08,3,2025-09-16,1083.24,2025,9,Sep,Large,361.08,0
594,India,Grocery,445.68,7,2025-05-15,3119.76,2025,5,May,XL,445.68,0
595,Pakistan,Toys,44.31,1,2025-06-20,44.31,2025,6,Jun,Small,44.31,0
596,China,Electronics,367.09,7,2025-07-29,2569.63,2025,7,Jul,XL,367.09000000000003,0
597,UK,Electronics,97.77,5,2025-08-24,488.85,2025,8,Aug,Medium,97.77000000000001,0
598,China,Home Decor,429.8,1,2025-07-05,429.8,2025,7,Jul,Medium,429.8,0
599,USA,Home Decor,410.44,1,2025-04-05,410.44,2025,4,Apr,Medium,410.44,0
600,USA,Books,272.69,1,2025-01-11,272.69,2025,1,Jan,Medium,272.69,0
601,UAE,Sports,356.57,9,2025-03-09,3209.13,2025,3,Mar,XL,356.57,0
602,Canada,Beauty,160.6,3,2025-07-29,481.8,2025,7,Jul,Medium,160.6,0
603,Canada,Toys,238.23,5,2025-07-15,1191.15,2025,7,Jul,Large,238.23000000000002,0
604,India,Fashion,411.71,9,2025-04-08,3705.39,2025,4,Apr,XL,411.71,0
605,Germany,Grocery,232.34,6,2025-04-03,1394.04,2025,4,Apr,Large,232.34,0
606,China,Sports,182.11,9,2025-01-22,1638.99,2025,1,Jan,XL,182.11,0
607,Brazil,Beauty,249.64,8,2025-06-21,1997.12,2025,6,Jun,XL,249.64,0
608,Australia,Home Decor,414.98,8,2025-05-14,3319.84,2025,5,May,XL,414.98,0
609,Canada,Books,170.93,1,2025-01-25,170.93,2025,1,Jan,Small,170.93,0
610,Australia,Grocery,91.01,9,2025-07-04,819.09,2025,7,Jul,Large,91.01,0
611,UAE,Home Decor,357.45,6,2025-03-26,2144.7,2025,3,Mar,XL,357.45,0
612,Australia,Books,413.86,9,2025-02-24,3724.74,2025,2,Feb,XL,413.85999999999996,0
613,Brazil,Grocery,54.82,3,2025-09-08,164.46,2025,9,Sep,Small,54.82,0
614,Pakistan,Fashion,123.74,3,2025-05-24,371.22,2025,5,May,Medium,123.74000000000001,0
615,Brazil,Beauty,75.28,6,2025-06-16,451.68,2025,6,Jun,Medium,75.28,0
616,Australia,Grocery,177.23,9,2025-08-12,1595.07,2025,8,Aug,XL,177.23,0
617,Brazil,Toys,227.92,7,2025-08-08,1595.44,2025,8,Aug,XL,227.92000000000002,0
618,UK,Sports,375.67,3,2025-06-28,1127.01,2025,6,Jun,Large,375.67,0
619,UAE,Electronics,327.32,3,2025-04-29,981.96,2025,4,Apr,Large,327.32,0
620,China,Toys,312.36,2,2025-09-22,624.72,2025,9,Sep,Medium,312.36,0
621,Pakistan,Toys,179.43,9,2025-05-30,1614.87,2025,5,May,XL,179.42999999999998,0
622,Canada,Sports,421.52,3,2025-08-03,1264.56,2025,8,Aug,Large,421.52,0
623,USA,Electronics,238.29,5,2025-07-16,1191.45,2025,7,Jul,Large,238.29000000000002,0
624,China,Toys,489.66,9,2025-02-11,4406.94,2025,2,Feb,XL,489.65999999999997,0
625,USA,Grocery,318.9,8,2025-02-22,2551.2,2025,2,Feb,XL,318.9,0
626,UAE,Grocery,67.5,2,2025-09-08,135.0,2025,9,Sep,Small,67.5,0
627,Pakistan,Grocery,339.71,3,2025-10-22,1019.13,2025,10,Oct,Large,339.71,0
628,India,Electronics,165.93,2,2025-09-28,331.86,2025,9,Sep,Medium,165.93,0
629,Canada,Toys,344.73,8,2025-05-03,2757.84,2025,5,May,XL,344.73,0
630,UK,Books,39.47,6,2025-09-23,236.82,2025,9,Sep,Small,39.47,0
631,India,Electronics,91.57,6,2025-01-29,549.42,2025,1,Jan,Medium,91.57,0
632,UAE,Grocery,428.59,9,2025-02-04,3857.31,2025,2,Feb,XL,428.59,0
633,China,Sports,117.45,8,2025-01-06,939.6,2025,1,Jan,Large,117.45,0
634,UK,Toys,419.34,4,2025-04-21,1677.36,2025,4,Apr,XL,419.34,0
635,Brazil,Toys,143.24,4,2025-10-21,572.96,2025,10,Oct,Medium,143.24,0
636,Australia,Home Decor,323.23,9,2025-03-18,2909.07,2025,3,Mar,XL,323.23,0
637,UK,Home Decor,348.6,1,2025-05-27,348.6,2025,5,May,Medium,348.6,0
638,UAE,Fashion,258.76,2,2025-03-08,517.52,2025,3,Mar,Medium,258.76,0
639,Germany,Books,156.13,2,2025-01-08,312.26,2025,1,Jan,Medium,156.13,0
640,Australia,Books,110.26,6,2025-05-02,661.56,2025,5,May,Medium,110.25999999999999,0
641,USA,Beauty,21.43,4,2025-06-24,85.72,2025,6,Jun,Small,21.43,0
642,Canada,Books,155.45,3,2025-06-28,466.35,2025,6,Jun,Medium,155.45000000000002,0
643,USA,Home Decor,328.32,3,2025-03-26,984.96,2025,3,Mar,Large,328.32,0
644,UK,Electronics,469.46,3,2025-02-14,1408.38,2025,2,Feb,Large,469.46000000000004,0
645,USA,Books,436.25,6,2025-05-16,2617.5,2025,5,May,XL,436.25,0
646,UAE,Home Decor,384.2,8,2025-01-16,3073.6,2025,1,Jan,XL,384.2,0
647,Brazil,Fashion,395.28,7,2025-07-14,2766.96,2025,7,Jul,XL,395.28000000000003,0
648,China,Toys,334.17,4,2025-01-09,1336.68,2025,1,Jan,Large,334.17,0
649,Canada,Books,133.84,4,2025-01-15,535.36,2025,1,Jan,Medium,133.84,0
650,USA,Fashion,454.06,2,2025-04-12,908.12,2025,4,Apr,Large,454.06,0
651,USA,Toys,337.01,1,2025-08-14,337.01,2025,8,Aug,Medium,337.01,0
652,UK,Sports,282.42,9,2025-10-05,2541.78,2025,10,Oct,XL,282.42,0
653,China,Sports,59.94,2,2025-04-23,119.88,2025,4,Apr,Small,59.94,0
654,India,Toys,226.29,8,2025-01-01,1810.32,2025,1,Jan,XL,226.29,0
655,USA,Books,232.88,9,2025-09-23,2095.92,2025,9,Sep,XL,232.88,0
656,UAE,Beauty,432.96,4,2025-07-27,1731.84,2025,7,Jul,XL,432.96,0
657,Germany,Home Decor,275.59,8,2025-04-20,2204.72,2025,4,Apr,XL,275.59,0
658,Canada,Electronics,193.3,9,2025-07-19,1739.7,2025,7,Jul,XL,193.3,0
659,USA,Electronics,488.52,5,2025-01-12,2442.6,2025,1,Jan,XL,488.52,0
660,UAE,Grocery,59.81,7,2025-07-07,418.67,2025,7,Jul,Medium,59.81,0
661,UAE,Toys,214.16,4,2025-06-03,856.64,2025,6,Jun,Large,214.16,0
662,Canada,Electronics,25.8,1,2025-10-06,25.8,2025,10,Oct,Small,25.8,0
663,India,Books,371.25,3,2025-06-20,1113.75,2025,6,Jun,Large,371.25,0
664,UAE,Beauty,459.45,5,2025-05-14,2297.25,2025,5,May,XL,459.45,0
665,Germany,Toys,143.62,3,2025-01-25,430.86,2025,1,Jan,Medium,143.62,0
666,UAE,Beauty,429.88,7,2025-01-18,3009.16,2025,1,Jan,XL,429.88,0
667,UAE,Books,149.65,9,2025-07-09,1346.85,2025,7,Jul,Large,149.64999999999998,0
668,UAE,Electronics,455.83,6,2025-05-21,2734.98,2025,5,May,XL,455.83,0
669,Brazil,Electronics,378.21,1,2025-02-12,378.21,2025,2,Feb,Medium,378.21,0
670,Brazil,Grocery,403.43,7,2025-10-11,2824.01,2025,10,Oct,XL,403.43,0
671,India,Electronics,13.91,3,2025-05-26,41.73,2025,5,May,Small,13.909999999999998,0
672,USA,Toys,481.59,5,2025-04-02,2407.95,2025,4,Apr,XL,481.59,0
673,UAE,Books,364.7,4,2025-06-28,1458.8,2025,6,Jun,Large,364.7,0
674,China,Sports,155.85,5,2025-02-25,779.25,2025,2,Feb,Large,155.85,0
675,USA,Books,415.55,5,2025-06-04,2077.75,2025,6,Jun,XL,415.55,0
676,India,Toys,144.35,6,2025-06-09,866.1,2025,6,Jun,Large,144.35,0
677,Pakistan,Toys,437.01,6,2025-04-21,2622.06,2025,4,Apr,XL,437.01,0
678,USA,Grocery,60.73,8,2025-05-17,485.84,2025,5,May,Medium,60.73,0
679,USA,Grocery,353.32,8,2025-08-20,2826.56,2025,8,Aug,XL,353.32,0
680,Australia,Electronics,272.65,9,2025-08-08,2453.85,2025,8,Aug,XL,272.65,0
681,UK,Fashion,52.78,8,2025-03-09,422.24,2025,3,Mar,Medium,52.78,0
682,Australia,Books,124.74,2,2025-10-29,249.48,2025,10,Oct,Small,124.74,0
683,Germany,Books,11.14,1,2025-09-06,11.14,2025,9,Sep,Small,11.14,0
684,Brazil,Fashion,237.04,2,2025-01-06,474.08,2025,1,Jan,Medium,237.04,0
685,Brazil,Grocery,154.13,2,2025-10-07,308.26,2025,10,Oct,Medium,154.13,0
686,UK,Electronics,301.19,3,2025-04-04,903.57,2025,4,Apr,Large,301.19,0
687,Canada,Fashion,152.13,7,2025-09-26,1064.91,2025,9,Sep,Large,152.13000000000002,0
688,Canada,Electronics,153.46,2,2025-07-16,306.92,2025,7,Jul,Medium,153.46,0
689,India,Electronics,372.88,1,2025-01-25,372.88,2025,1,Jan,Medium,372.88,0
690,UK,Electronics,28.83,6,2025-05-28,172.98,2025,5,May,Small,28.83,0
691,USA,Home Decor,451.93,9,2025-04-28,4067.37,2025,4,Apr,XL,451.93,0
692,Canada,Toys,426.87,3,2025-03-07,1280.61,2025,3,Mar,Large,426.86999999999995,0
693,UAE,Electronics,335.56,6,2025-10-28,2013.36,2025,10,Oct,XL,335.56,0
694,China,Home Decor,298.64,3,2025-06-24,895.92,2025,6,Jun,Large,298.64,0
695,USA,Grocery,446.69,1,2025-03-17,446.69,2025,3,Mar,Medium,446.69,0
696,Germany,Fashion,96.74,5,2025-04-24,483.7,2025,4,Apr,Medium,96.74,0
697,UAE,Toys,44.09,4,2025-04-21,176.36,2025,4,Apr,Small,44.09,0
698,UAE,Sports,123.56,7,2025-09-06,864.92,2025,9,Sep,Large,123.55999999999999,0
699,UK,Fashion,398.32,6,2025-07-22,2389.92,2025,7,Jul,XL,398.32,0
700,India,Toys,22.16,7,2025-05-27,155.12,2025,5,May,Small,22.16,0
701,Germany,Sports,293.49,5,2025-02-04,1467.45,2025,2,Feb,Large,293.49,0
702,Canada,Fashion,497.74,4,2025-01-26,1990.96,2025,1,Jan,XL,497.74,0
703,UK,Toys,428.57,7,2025-08-26,2999.99,2025,8,Aug,XL,428.57,0
704,Canada,Fashion,263.12,7,2025-01-14,1841.84,2025,1,Jan,XL,263.12,0
705,UK,Fashion,36.5,6,2025-02-14,219.0,2025,2,Feb,Small,36.5,0
706,UK,Sports,416.53,8,2025-08-04,3332.24,2025,8,Aug,XL,416.53,0
707,UK,Fashion,301.49,4,2025-08-21,1205.96,2025,8,Aug,Large,301.49,0
708,India,Fashion,61.89,5,2025-07-12,309.45,2025,7,Jul,Medium,61.89,0
709,UK,Sports,51.46,4,2025-02-20,205.84,2025,2,Feb,Small,51.46,0
710,Pakistan,Grocery,455.27,1,2025-08-02,455.27,2025,8,Aug,Medium,455.27,0
711,China,Electronics,336.25,8,2025-05-31,2690.0,2025,5,May,XL,336.25,0
712,Canada,Books,415.5,1,2025-10-02,415.5,2025,10,Oct,Medium,415.5,0
713,USA,Beauty,440.09,5,2025-03-17,2200.45,2025,3,Mar,XL,440.09,0
714,Australia,Home Decor,288.03,6,2025-08-08,1728.18,2025,8,Aug,XL,288.03000000000003,0
715,Germany,Beauty,261.14,6,2025-07-06,1566.84,2025,7,Jul,XL,261.14,0
716,Brazil,Beauty,218.06,5,2025-10-16,1090.3,2025,10,Oct,Large,218.06,0
717,India,Toys,161.89,3,2025-01-28,485.67,2025,1,Jan,Medium,161.89000000000001,0
718,USA,Electronics,220.13,5,2025-06-29,1100.65,2025,6,Jun,Large,220.13000000000002,0
719,UAE,Toys,388.07,8,2025-09-10,3104.56,2025,9,Sep,XL,388.07,0
720,Pakistan,Electronics,302.95,2,2025-05-06,605.9,2025,5,May,Medium,302.95,0
721,Brazil,Sports,446.8,6,2025-06-26,2680.8,2025,6,Jun,XL,446.8,0
722,Australia,Sports,224.47,9,2025-02-06,2020.23,2025,2,Feb,XL,224.47,0
723,USA,Books,305.51,8,2025-04-09,2444.08,2025,4,Apr,XL,305.51,0
724,Brazil,Electronics,317.5,8,2025-04-08,2540.0,2025,4,Apr,XL,317.5,0
725,USA,Fashion,297.89,8,2025-05-07,2383.12,2025,5,May,XL,297.89,0
726,Pakistan,Grocery,352.8,7,2025-06-17,2469.6,2025,6,Jun,XL,352.8,0
727,Australia,Books,122.53,8,2025-03-21,980.24,2025,3,Mar,Large,122.53,0
728,UAE,Books,258.62,6,2025-10-21,1551.72,2025,10,Oct,XL,258.62,0
729,UK,Fashion,56.59,2,2025-05-06,113.18,2025,5,May,Small,56.59,0
730,Canada,Grocery,195.33,2,2025-05-30,390.66,2025,5,May,Medium,195.33,0
731,UAE,Toys,246.4,8,2025-01-16,1971.2,2025,1,Jan,XL,246.4,0
732,UK,Grocery,327.85,1,2025-01-28,327.85,2025,1,Jan,Medium,327.85,0
733,India,Toys,475.51,6,2025-06-22,2853.06,2025,6,Jun,XL,475.51,0
734,China,Sports,302.32,6,2025-02-15,1813.92,2025,2,Feb,XL,302.32,0
735,Germany,Beauty,373.08,4,2025-08-24,1492.32,2025,8,Aug,Large,373.08,0
736,Germany,Sports,255.6,3,2025-08-02,766.8,2025,8,Aug,Large,255.6,0
737,Canada,Sports,318.88,3,2025-03-26,956.64,2025,3,Mar,Large,318.88,0
738,Australia,Beauty,40.11,1,2025-10-09,40.11,2025,10,Oct,Small,40.11,0
739,Pakistan,Grocery,130.92,3,2025-08-20,392.76,2025,8,Aug,Medium,130.92,0
740,Australia,Books,184.12,4,2025-03-26,736.48,2025,3,Mar,Medium,184.12,0
741,Pakistan,Grocery,238.88,5,2025-03-06,1194.4,2025,3,Mar,Large,238.88000000000002,0
742,Australia,Toys,27.6,3,2025-05-14,82.8,2025,5,May,Small,27.599999999999998,0
743,China,Fashion,74.31,6,2025-05-31,445.86,2025,5,May,Medium,74.31,0
744,India,Toys,142.02,5,2025-04-25,710.1,2025,4,Apr,Medium,142.02,0
745,India,Fashion,485.91,3,2025-03-05,1457.73,2025,3,Mar,Large,485.91,0
746,UK,Sports,169.02,6,2025-06-07,1014.12,2025,6,Jun,Large,169.02,0
747,Brazil,Beauty,243.61,6,2025-03-18,1461.66,2025,3,Mar,Large,243.61,0
748,India,Sports,102.07,8,2025-05-26,816.56,2025,5,May,Large,102.07,0
749,India,Electronics,307.34,2,2025-08-13,614.68,2025,8,Aug,Medium,307.34,0
750,UAE,Grocery,143.94,1,2025-04-13,143.94,2025,4,Apr,Small,143.94,0
751,UAE,Fashion,107.46,4,2025-10-28,429.84,2025,10,Oct,Medium,107.46,0
752,UK,Toys,260.7,7,2025-03-29,1824.9,2025,3,Mar,XL,260.7,0
753,Brazil,Beauty,7.73,3,2025-10-30,23.19,2025,10,Oct,Small,7.73,0
754,Canada,Fashion,8.79,3,2025-06-17,26.37,2025,6,Jun,Small,8.790000000000001,0
755,UAE,Toys,113.44,5,2025-06-19,567.2,2025,6,Jun,Medium,113.44000000000001,0
756,Canada,Grocery,23.18,5,2025-05-15,115.9,2025,5,May,Small,23.18,0
757,USA,Sports,58.47,3,2025-02-19,175.41,2025,2,Feb,Small,58.47,0
758,UAE,Grocery,172.74,9,2025-05-14,1554.66,2025,5,May,XL,172.74,0
759,China,Home Decor,402.28,4,2025-05-17,1609.12,2025,5,May,XL,402.28,0
760,Brazil,Electronics,288.16,3,2025-09-02,864.48,2025,9,Sep,Large,288.16,0
761,UK,Home Decor,258.77,2,2025-04-19,517.54,2025,4,Apr,Medium,258.77,0
762,USA,Beauty,150.28,9,2025-10-14,1352.52,2025,10,Oct,Large,150.28,0
763,Brazil,Fashion,466.22,4,2025-01-21,1864.88,2025,1,Jan,XL,466.22,0
764,China,Beauty,201.52,3,2025-03-31,604.56,2025,3,Mar,Medium,201.51999999999998,0
765,Brazil,Sports,48.11,7,2025-10-23,336.77,2025,10,Oct,Medium,48.11,0
766,China,Toys,310.45,8,2025-04-22,2483.6,2025,4,Apr,XL,310.45,0
767,China,Grocery,61.35,2,2025-10-28,122.7,2025,10,Oct,Small,61.35,0
768,Canada,Home Decor,175.89,7,2025-03-18,1231.23,2025,3,Mar,Large,175.89000000000001,0
769,Australia,Books,256.17,5,2025-06-26,1280.85,2025,6,Jun,Large,256.16999999999996,0
770,USA,Home Decor,437.74,5,2025-05-28,2188.7,2025,5,May,XL,437.73999999999995,0
771,Brazil,Sports,249.31,3,2025-04-11,747.93,2025,4,Apr,Medium,249.30999999999997,0
772,Pakistan,Home Decor,352.62,5,2025-09-03,1763.1,2025,9,Sep,XL,352.62,0
773,USA,Sports,496.44,2,2025-04-27,992.88,2025,4,Apr,Large,496.44,0
774,Australia,Books,70.09,4,2025-04-02,280.36,2025,4,Apr,Medium,70.09,0
775,USA,Beauty,140.99,6,2025-01-28,845.94,2025,1,Jan,Large,140.99,0
776,India,Grocery,200.32,1,2025-01-25,200.32,2025,1,Jan,Small,200.32,0
777,Pakistan,Fashion,213.8,4,2025-02-27,855.2,2025,2,Feb,Large,213.8,0
778,Australia,Toys,208.46,6,2025-10-24,1250.76,2025,10,Oct,Large,208.46,0
779,Canada,Fashion,454.27,9,2025-05-14,4088.43,2025,5,May,XL,454.27,0
780,Brazil,Beauty,358.45,2,2025-09-06,716.9,2025,9,Sep,Medium,358.45,0
781,Germany,Toys,305.91,7,2025-02-07,2141.37,2025,2,Feb,XL,305.90999999999997,0
782,Australia,Home Decor,158.14,6,2025-03-16,948.84,2025,3,Mar,Large,158.14000000000001,0
783,UK,Books,412.78,2,2025-05-22,825.56,2025,5,May,Large,412.78,0
784,Brazil,Books,477.75,8,2025-06-17,3822.0,2025,6,Jun,XL,477.75,0
785,Australia,Electronics,411.49,7,2025-09-16,2880.43,2025,9,Sep,XL,411.48999999999995,0
786,India,Beauty,5.77,5,2025-08-13,28.85,2025,8,Aug,Small,5.7700000000000005,0
787,Germany,Beauty,320.02,5,2025-06-01,1600.1,2025,6,Jun,XL,320.02,0
788,India,Grocery,30.31,7,2025-01-19,212.17,2025,1,Jan,Small,30.31,0
789,Germany,Fashion,132.52,9,2025-05-26,1192.68,2025,5,May,Large,132.52,0
790,UK,Beauty,34.46,9,2025-08-29,310.14,2025,8,Aug,Medium,34.46,0
791,Brazil,Beauty,303.88,9,2025-08-25,2734.92,2025,8,Aug,XL,303.88,0
792,Canada,Home Decor,344.86,6,2025-02-04,2069.16,2025,2,Feb,XL,344.85999999999996,0
793,India,Home Decor,61.67,6,2025-07-09,370.02,2025,7,Jul,Medium,61.669999999999995,0
794,India,Toys,195.0,3,2025-01-01,585.0,2025,1,Jan,Medium,195.0,0
795,China,Sports,230.84,1,2025-06-02,230.84,2025,6,Jun,Small,230.84,0
796,Germany,Sports,187.68,7,2025-05-06,1313.76,2025,5,May,Large,187.68,0
797,UAE,Electronics,64.91,4,2025-08-14,259.64,2025,8,Aug,Medium,64.91,0
798,Brazil,Sports,212.38,1,2025-08-09,212.38,2025,8,Aug,Small,212.38,0
799,Germany,Grocery,376.83,8,2025-07-30,3014.64,2025,7,Jul,XL,376.83,0
800,China,Electronics,40.15,6,2025-01-25,240.9,2025,1,Jan,Small,40.15,0
801,USA,Toys,44.69,6,2025-01-16,268.14,2025,1,Jan,Medium,44.69,0
802,Germany,Home Decor,180.61,2,2025-07-01,361.22,2025,7,Jul,Medium,180.61,0
803,Canada,Sports,471.15,1,2025-05-09,471.15,2025,5,May,Medium,471.15,0
804,Brazil,Fashion,335.94,2,2025-02-11,671.88,2025,2,Feb,Medium,335.94,0
805,China,Home Decor,340.94,4,2025-08-24,1363.76,2025,8,Aug,Large,340.94,0
806,USA,Books,184.15,2,2025-02-03,368.3,2025,2,Feb,Medium,184.15,0
807,Pakistan,Grocery,298.86,1,2025-02-14,298.86,2025,2,Feb,Medium,298.86,0
808,China,Home Decor,10.01,7,2025-05-14,70.07,2025,5,May,Small,10.01,0
809,Pakistan,Grocery,319.87,8,2025-01-21,2558.96,2025,1,Jan,XL,319.87,0
810,Brazil,Grocery,457.08,6,2025-05-02,2742.48,2025,5,May,XL,457.08,0
811,India,Grocery,308.22,4,2025-03-11,1232.88,2025,3,Mar,Large,308.22,0
812,China,Toys,437.48,6,2025-02-17,2624.88,2025,2,Feb,XL,437.48,0
813,UK,Grocery,363.37,3,2025-02-08,1090.11,2025,2,Feb,Large,363.36999999999995,0
814,Pakistan,Grocery,64.68,8,2025-10-14,517.44,2025,10,Oct,Medium,64.68,0
815,Canada,Books,451.71,2,2025-01-10,903.42,2025,1,Jan,Large,451.71,0
816,UK,Fashion,37.89,5,2025-01-30,189.45,2025,1,Jan,Small,37.89,0
817,Australia,Electronics,269.31,1,2025-09-01,269.31,2025,9,Sep,Medium,269.31,0
818,Australia,Beauty,75.36,6,2025-10-01,452.16,2025,10,Oct,Medium,75.36,0
819,USA,Books,10.79,2,2025-03-29,21.58,2025,3,Mar,Small,10.79,0
820,India,Electronics,213.91,4,2025-09-01,855.64,2025,9,Sep,Large,213.91,0
821,Brazil,Grocery,151.05,6,2025-01-15,906.3,2025,1,Jan,Large,151.04999999999998,0
822,China,Fashion,245.57,8,2025-01-04,1964.56,2025,1,Jan,XL,245.57,0
823,UAE,Home Decor,290.71,8,2025-07-10,2325.68,2025,7,Jul,XL,290.71,0
824,Canada,Fashion,26.65,6,2025-06-17,159.9,2025,6,Jun,Small,26.650000000000002,0
825,Pakistan,Books,65.89,4,2025-01-09,263.56,2025,1,Jan,Medium,65.89,0
826,Brazil,Grocery,281.53,8,2025-04-19,2252.24,2025,4,Apr,XL,281.53,0
827,UK,Fashion,174.87,8,2025-05-17,1398.96,2025,5,May,Large,174.87,0
828,Australia,Sports,365.94,1,2025-06-03,365.94,2025,6,Jun,Medium,365.94,0
829,Canada,Fashion,327.88,4,2025-07-28,1311.52,2025,7,Jul,Large,327.88,0
830,UAE,Grocery,423.57,4,2025-09-29,1694.28,2025,9,Sep,XL,423.57,0
831,China,Toys,347.78,7,2025-05-23,2434.46,2025,5,May,XL,347.78000000000003,0
832,USA,Sports,217.82,7,2025-04-09,1524.74,2025,4,Apr,XL,217.82,0
833,UAE,Fashion,338.12,8,2025-03-10,2704.96,2025,3,Mar,XL,338.12,0
834,Canada,Beauty,141.31,5,2025-09-04,706.55,2025,9,Sep,Medium,141.31,0
835,UAE,Beauty,156.63,7,2025-09-18,1096.41,2025,9,Sep,Large,156.63000000000002,0
836,Canada,Fashion,395.55,8,2025-10-03,3164.4,2025,10,Oct,XL,395.55,0
837,Canada,Toys,225.98,9,2025-03-20,2033.82,2025,3,Mar,XL,225.98,0
838,Germany,Home Decor,400.2,3,2025-05-26,1200.6,2025,5,May,Large,400.2,0
839,Pakistan,Grocery,412.1,3,2025-04-21,1236.3,2025,4,Apr,Large,412.09999999999997,0
840,Australia,Beauty,429.49,4,2025-09-15,1717.96,2025,9,Sep,XL,429.49,0
841,Germany,Home Decor,458.73,5,2025-04-03,2293.65,2025,4,Apr,XL,458.73,0
842,China,Fashion,218.34,1,2025-01-13,218.34,2025,1,Jan,Small,218.34,0
843,Germany,Books,162.84,7,2025-09-17,1139.88,2025,9,Sep,Large,162.84,0
844,India,Home Decor,293.19,9,2025-04-19,2638.71,2025,4,Apr,XL,293.19,0
845,India,Sports,188.73,8,2025-07-08,1509.84,2025,7,Jul,XL,188.73,0
846,Australia,Electronics,302.53,5,2025-04-05,1512.65,2025,4,Apr,XL,302.53000000000003,0
847,UAE,Beauty,354.27,4,2025-04-15,1417.08,2025,4,Apr,Large,354.27,0
848,Pakistan,Fashion,345.76,7,2025-01-08,2420.32,2025,1,Jan,XL,345.76000000000005,0
849,Australia,Books,190.4,5,2025-03-08,952.0,2025,3,Mar,Large,190.4,0
850,Canada,Grocery,87.6,7,2025-07-10,613.2,2025,7,Jul,Medium,87.60000000000001,0
851,UK,Books,218.11,1,2025-09-13,218.11,2025,9,Sep,Small,218.11,0
852,Pakistan,Toys,75.58,1,2025-01-09,75.58,2025,1,Jan,Small,75.58,0
853,Pakistan,Sports,445.6,3,2025-04-27,1336.8,2025,4,Apr,Large,445.59999999999997,0
854,Canada,Fashion,176.21,2,2025-09-24,352.42,2025,9,Sep,Medium,176.21,0
855,Canada,Grocery,81.46,2,2025-04-09,162.92,2025,4,Apr,Small,81.46,0
856,USA,Toys,17.6,7,2025-10-25,123.2,2025,10,Oct,Small,17.6,0
857,Australia,Toys,324.68,2,2025-06-13,649.36,2025,6,Jun,Medium,324.68,0
858,Canada,Fashion,320.27,4,2025-05-21,1281.08,2025,5,May,Large,320.27,0
859,India,Sports,173.6,2,2025-09-25,347.2,2025,9,Sep,Medium,173.6,0
860,China,Home Decor,40.5,6,2025-02-06,243.0,2025,2,Feb,Small,40.5,0
861,UK,Home Decor,207.77,8,2025-03-15,1662.16,2025,3,Mar,XL,207.77,0
862,Australia,Toys,159.05,4,2025-03-14,636.2,2025,3,Mar,Medium,159.05,0
863,Brazil,Home Decor,340.17,5,2025-07-18,1700.85,2025,7,Jul,XL,340.16999999999996,0
864,India,Electronics,304.86,4,2025-05-10,1219.44,2025,5,May,Large,304.86,0
865,UAE,Toys,185.47,3,2025-09-03,556.41,2025,9,Sep,Medium,185.47,0
866,Canada,Toys,112.86,5,2025-03-01,564.3,2025,3,Mar,Medium,112.85999999999999,0
867,Brazil,Grocery,494.08,9,2025-10-06,4446.72,2025,10,Oct,XL,494.08000000000004,0
868,Canada,Home Decor,229.73,8,2025-04-13,1837.84,2025,4,Apr,XL,229.73,0
869,Pakistan,Sports,345.7,8,2025-10-23,2765.6,2025,10,Oct,XL,345.7,0
870,India,Toys,74.57,8,2025-05-31,596.56,2025,5,May,Medium,74.57,0
871,Pakistan,Books,245.37,8,2025-06-06,1962.96,2025,6,Jun,XL,245.37,0
872,USA,Sports,18.63,7,2025-07-25,130.41,2025,7,Jul,Small,18.63,0
873,Pakistan,Electronics,255.2,8,2025-06-28,2041.6,2025,6,Jun,XL,255.2,0
874,USA,Grocery,482.19,8,2025-07-16,3857.52,2025,7,Jul,XL,482.19,0
875,USA,Fashion,195.18,8,2025-08-11,1561.44,2025,8,Aug,XL,195.18,0
876,Brazil,Sports,24.3,7,2025-03-30,170.1,2025,3,Mar,Small,24.3,0
877,Canada,Toys,20.32,1,2025-10-14,20.32,2025,10,Oct,Small,20.32,0
878,UAE,Electronics,197.05,4,2025-10-03,788.2,2025,10,Oct,Large,197.05,0
879,Pakistan,Beauty,84.21,4,2025-08-24,336.84,2025,8,Aug,Medium,84.21,0
880,India,Electronics,16.56,5,2025-07-02,82.8,2025,7,Jul,Small,16.56,0
881,USA,Electronics,379.33,6,2025-07-28,2275.98,2025,7,Jul,XL,379.33,0
882,Canada,Grocery,231.97,4,2025-05-10,927.88,2025,5,May,Large,231.97,0
883,UK,Fashion,148.18,2,2025-06-02,296.36,2025,6,Jun,Medium,148.18,0
884,Australia,Beauty,450.54,6,2025-01-13,2703.24,2025,1,Jan,XL,450.53999999999996,0
885,Brazil,Home Decor,62.49,8,2025-05-02,499.92,2025,5,May,Medium,62.49,0
886,UAE,Home Decor,478.18,8,2025-08-08,3825.44,2025,8,Aug,XL,478.18,0
887,Germany,Sports,160.41,7,2025-04-16,1122.87,2025,4,Apr,Large,160.41,0
888,Brazil,Electronics,444.76,6,2025-03-11,2668.56,2025,3,Mar,XL,444.76,0
889,UK,Books,303.46,2,2025-07-14,606.92,2025,7,Jul,Medium,303.46,0
890,Australia,Grocery,414.22,7,2025-07-05,2899.54,2025,7,Jul,XL,414.21999999999997,0
891,UK,Books,492.09,5,2025-04-09,2460.45,2025,4,Apr,XL,492.09,0
892,Pakistan,Grocery,147.76,6,2025-03-23,886.56,2025,3,Mar,Large,147.76,0
893,USA,Home Decor,480.76,8,2025-03-16,3846.08,2025,3,Mar,XL,480.76,0
894,UAE,Sports,197.79,8,2025-07-11,1582.32,2025,7,Jul,XL,197.79,0
895,China,Sports,195.83,3,2025-08-02,587.49,2025,8,Aug,Medium,195.83,0
896,USA,Sports,173.49,7,2025-05-24,1214.43,2025,5,May,Large,173.49,0
897,China,Beauty,273.0,1,2025-08-04,273.0,2025,8,Aug,Medium,273.0,0
898,Australia,Fashion,81.3,1,2025-01-15,81.3,2025,1,Jan,Small,81.3,0
899,Canada,Beauty,279.09,7,2025-08-05,1953.63,2025,8,Aug,XL,279.09000000000003,0
900,Germany,Toys,273.14,9,2025-02-04,2458.26,2025,2,Feb,XL,273.14000000000004,0
901,India,Toys,382.14,7,2025-07-02,2674.98,2025,7,Jul,XL,382.14,0
902,USA,Books,417.66,5,2025-09-27,2088.3,2025,9,Sep,XL,417.66,0
903,UAE,Fashion,223.02,8,2025-04-10,1784.16,2025,4,Apr,XL,223.02,0
904,UK,Home Decor,154.65,2,2025-01-07,309.3,2025,1,Jan,Medium,154.65,0
905,UAE,Fashion,133.37,9,2025-01-30,1200.33,2025,1,Jan,Large,133.37,0
906,Australia,Grocery,101.34,6,2025-11-01,608.04,2025,11,Nov,Medium,101.33999999999999,1
907,China,Toys,33.54,9,2025-05-24,301.86,2025,5,May,Medium,33.54,0
908,UK,Electronics,174.51,2,2025-04-21,349.02,2025,4,Apr,Medium,174.51,0
909,India,Electronics,138.77,3,2025-08-20,416.31,2025,8,Aug,Medium,138.77,0
910,India,Home Decor,483.38,8,2025-06-28,3867.04,2025,6,Jun,XL,483.38,0
911,USA,Grocery,281.07,1,2025-03-13,281.07,2025,3,Mar,Medium,281.07,0
912,Australia,Books,176.9,7,2025-07-29,1238.3,2025,7,Jul,Large,176.9,0
913,Canada,Beauty,292.33,7,2025-08-08,2046.31,2025,8,Aug,XL,292.33,0
914,Australia,Grocery,73.9,1,2025-03-21,73.9,2025,3,Mar,Small,73.9,0
915,China,Electronics,224.8,9,2025-03-24,2023.2,2025,3,Mar,XL,224.8,0
916,UAE,Electronics,314.99,8,2025-02-11,2519.92,2025,2,Feb,XL,314.99,0
917,India,Books,247.0,4,2025-09-30,988.0,2025,9,Sep,Large,247.0,0
918,UAE,Toys,203.88,5,2025-07-10,1019.4,2025,7,Jul,Large,203.88,0
919,UAE,Grocery,496.95,2,2025-06-22,993.9,2025,6,Jun,Large,496.95,0
920,UAE,Grocery,440.76,9,2025-01-07,3966.84,2025,1,Jan,XL,440.76,0
921,India,Electronics,313.59,6,2025-06-04,1881.54,2025,6,Jun,XL,313.59,0
922,Brazil,Beauty,286.84,3,2025-01-10,860.52,2025,1,Jan,Large,286.84,0
923,Pakistan,Home Decor,312.23,7,2025-02-03,2185.61,2025,2,Feb,XL,312.23,0
924,China,Sports,104.65,9,2025-02-05,941.85,2025,2,Feb,Large,104.65,0
925,Brazil,Home Decor,200.59,3,2025-01-06,601.77,2025,1,Jan,Medium,200.59,0
926,China,Grocery,24.53,2,2025-08-03,49.06,2025,8,Aug,Small,24.53,0
927,UK,Home Decor,240.4,7,2025-05-14,1682.8,2025,5,May,XL,240.4,0
928,Australia,Electronics,273.8,7,2025-10-12,1916.6,2025,10,Oct,XL,273.8,0
929,Australia,Electronics,117.74,4,2025-05-06,470.96,2025,5,May,Medium,117.74,0
930,Germany,Books,482.19,9,2025-06-23,4339.71,2025,6,Jun,XL,482.19,0
931,Australia,Grocery,455.18,8,2025-06-01,3641.44,2025,6,Jun,XL,455.18,0
932,India,Books,362.46,1,2025-01-26,362.46,2025,1,Jan,Medium,362.46,0
933,Canada,Grocery,269.03,1,2025-04-25,269.03,2025,4,Apr,Medium,269.03,0
934,USA,Sports,435.63,5,2025-10-11,2178.15,2025,10,Oct,XL,435.63,0
935,Germany,Sports,69.67,6,2025-03-16,418.02,2025,3,Mar,Medium,69.67,0
936,USA,Toys,396.3,3,2025-06-15,1188.9,2025,6,Jun,Large,396.3,0
937,China,Grocery,66.79,9,2025-07-08,601.11,2025,7,Jul,Medium,66.79,0
938,USA,Beauty,398.13,6,2025-03-19,2388.78,2025,3,Mar,XL,398.13000000000005,0
939,USA,Home Decor,141.5,4,2025-03-31,566.0,2025,3,Mar,Medium,141.5,0
940,Germany,Grocery,439.16,7,2025-06-25,3074.12,2025,6,Jun,XL,439.15999999999997,0
941,UK,Fashion,472.3,8,2025-01-21,3778.4,2025,1,Jan,XL,472.3,0
942,UAE,Toys,78.65,9,2025-02-23,707.85,2025,2,Feb,Medium,78.65,0
943,Australia,Fashion,234.02,6,2025-07-03,1404.12,2025,7,Jul,Large,234.01999999999998,0
944,Australia,Electronics,490.59,6,2025-08-10,2943.54,2025,8,Aug,XL,490.59,0
945,India,Sports,244.29,8,2025-06-28,1954.32,2025,6,Jun,XL,244.29,0
946,Germany,Home Decor,432.46,5,2025-10-03,2162.3,2025,10,Oct,XL,432.46000000000004,0
947,India,Grocery,296.42,3,2025-04-22,889.26,2025,4,Apr,Large,296.42,0
948,Canada,Fashion,190.79,3,2025-08-12,572.37,2025,8,Aug,Medium,190.79,0
949,Canada,Home Decor,146.46,6,2025-08-02,878.76,2025,8,Aug,Large,146.46,0
950,India,Electronics,105.6,2,2025-02-28,211.2,2025,2,Feb,Small,105.6,0
951,Germany,Sports,382.09,6,2025-04-19,2292.54,2025,4,Apr,XL,382.09,0
952,India,Beauty,196.34,6,2025-06-06,1178.04,2025,6,Jun,Large,196.34,0
953,Australia,Toys,258.08,8,2025-07-10,2064.64,2025,7,Jul,XL,258.08,0
954,Brazil,Home Decor,248.7,7,2025-07-19,1740.9,2025,7,Jul,XL,248.70000000000002,0
955,Pakistan,Home Decor,290.75,8,2025-07-15,2326.0,2025,7,Jul,XL,290.75,0
956,USA,Beauty,433.46,9,2025-02-04,3901.14,2025,2,Feb,XL,433.46,0
957,Pakistan,Home Decor,490.47,6,2025-09-03,2942.82,2025,9,Sep,XL,490.47,0
958,Germany,Electronics,206.75,3,2025-08-25,620.25,2025,8,Aug,Medium,206.75,0
959,Pakistan,Electronics,414.62,3,2025-04-14,1243.86,2025,4,Apr,Large,414.61999999999995,0
960,Canada,Beauty,383.44,1,2025-01-07,383.44,2025,1,Jan,Medium,383.44,0
961,China,Toys,288.9,5,2025-10-10,1444.5,2025,10,Oct,Large,288.9,0
962,USA,Grocery,478.24,4,2025-01-01,1912.96,2025,1,Jan,XL,478.24,0
963,UAE,Fashion,104.23,9,2025-08-07,938.07,2025,8,Aug,Large,104.23,0
964,Germany,Grocery,59.09,9,2025-08-18,531.81,2025,8,Aug,Medium,59.089999999999996,0
965,USA,Home Decor,427.71,5,2025-06-21,2138.55,2025,6,Jun,XL,427.71000000000004,0
966,Pakistan,Fashion,222.38,4,2025-03-28,889.52,2025,3,Mar,Large,222.38,0
967,Canada,Books,424.25,7,2025-02-10,2969.75,2025,2,Feb,XL,424.25,0
968,UK,Beauty,447.08,6,2025-05-03,2682.48,2025,5,May,XL,447.08,0
969,Brazil,Beauty,35.92,4,2025-10-25,143.68,2025,10,Oct,Small,35.92,0
970,UAE,Toys,442.32,2,2025-06-27,884.64,2025,6,Jun,Large,442.32,0
971,Brazil,Fashion,226.92,1,2025-03-04,226.92,2025,3,Mar,Small,226.92,0
972,USA,Electronics,257.66,4,2025-06-14,1030.64,2025,6,Jun,Large,257.66,0
973,Canada,Fashion,315.16,4,2025-07-06,1260.64,2025,7,Jul,Large,315.16,0
974,Canada,Home Decor,463.56,1,2025-07-28,463.56,2025,7,Jul,Medium,463.56,0
975,Pakistan,Electronics,14.46,6,2025-08-15,86.76,2025,8,Aug,Small,14.46,0
976,Australia,Sports,241.04,4,2025-02-17,964.16,2025,2,Feb,Large,241.04,0
977,Pakistan,Sports,345.42,1,2025-08-12,345.42,2025,8,Aug,Medium,345.42,0
978,Australia,Books,362.74,1,2025-01-03,362.74,2025,1,Jan,Medium,362.74,0
979,Australia,Sports,347.8,1,2025-06-24,347.8,2025,6,Jun,Medium,347.8,0
980,UAE,Beauty,71.55,8,2025-04-09,572.4,2025,4,Apr,Medium,71.55,0
981,Pakistan,Fashion,153.2,8,2025-04-26,1225.6,2025,4,Apr,Large,153.2,0
982,UK,Sports,182.56,2,2025-09-27,365.12,2025,9,Sep,Medium,182.56,0
983,India,Grocery,403.2,7,2025-09-10,2822.4,2025,9,Sep,XL,403.2,0
984,India,Toys,142.99,8,2025-04-05,1143.92,2025,4,Apr,Large,142.99,0
985,Pakistan,Grocery,109.3,8,2025-09-30,874.4,2025,9,Sep,Large,109.3,0
986,Pakistan,Sports,478.94,7,2025-01-24,3352.58,2025,1,Jan,XL,478.94,0
987,Brazil,Books,9.39,5,2025-04-26,46.95,2025,4,Apr,Small,9.39,0
988,UAE,Toys,498.92,1,2025-05-31,498.92,2025,5,May,Medium,498.92,0
989,Pakistan,Home Decor,340.03,9,2025-02-19,3060.27,2025,2,Feb,XL,340.03,0
990,Brazil,Grocery,415.09,7,2025-07-25,2905.63,2025,7,Jul,XL,415.09000000000003,0
991,Australia,Books,150.84,2,2025-03-20,301.68,2025,3,Mar,Medium,150.84,0
992,Canada,Fashion,12.09,6,2025-03-11,72.54,2025,3,Mar,Small,12.090000000000002,0
993,Canada,Fashion,370.25,2,2025-01-27,740.5,2025,1,Jan,Medium,370.25,0
994,Australia,Grocery,417.9,1,2025-09-28,417.9,2025,9,Sep,Medium,417.9,0
995,Germany,Sports,371.54,7,2025-02-19,2600.78,2025,2,Feb,XL,371.54,0
996,Brazil,Books,75.71,2,2025-10-19,151.42,2025,10,Oct,Small,75.71,0
997,Brazil,Fashion,377.95,2,2025-09-04,755.9,2025,9,Sep,Large,377.95,0
998,Australia,Home Decor,385.62,5,2025-09-21,1928.1,2025,9,Sep,XL,385.62,0
999,UK,Electronics,330.98,5,2025-03-20,1654.9,2025,3,Mar,XL,330.98,0
1000,China,Sports,384.23,7,2025-07-09,2689.61,2025,7,Jul,XL,384.23,0
1001,USA,Books,423.73,1,2025-02-16,423.73,2025,2,Feb,Medium,423.73,0
1002,Australia,Home Decor,308.73,8,2025-07-08,2469.84,2025,7,Jul,XL,308.73,0
1003,Pakistan,Books,48.86,3,2025-09-13,146.58,2025,9,Sep,Small,48.86000000000001,0
1004,Pakistan,Toys,246.38,4,2025-08-10,985.52,2025,8,Aug,Large,246.38,0
1005,UAE,Home Decor,43.44,9,2025-08-29,390.96,2025,8,Aug,Medium,43.44,0
1006,Australia,Sports,206.73,4,2025-09-26,826.92,2025,9,Sep,Large,206.73,0
1007,UAE,Toys,206.52,5,2025-01-01,1032.6,2025,1,Jan,Large,206.51999999999998,0
1008,Australia,Sports,37.67,7,2025-02-03,263.69,2025,2,Feb,Medium,37.67,0
1009,Brazil,Fashion,177.67,4,2025-03-20,710.68,2025,3,Mar,Medium,177.67,0
1010,USA,Electronics,59.94,1,2025-08-24,59.94,2025,8,Aug,Small,59.94,0
1011,Brazil,Sports,405.08,9,2025-04-08,3645.72,2025,4,Apr,XL,405.08,0
1012,China,Sports,474.11,4,2025-03-23,1896.44,2025,3,Mar,XL,474.11,0
1013,Canada,Fashion,40.8,9,2025-07-11,367.2,2025,7,Jul,Medium,40.8,0
1014,India,Beauty,477.78,6,2025-09-10,2866.68,2025,9,Sep,XL,477.78,0
1015,Australia,Fashion,263.68,1,2025-02-07,263.68,2025,2,Feb,Medium,263.68,0
1016,China,Toys,153.29,3,2025-01-14,459.87,2025,1,Jan,Medium,153.29,0
1017,Canada,Fashion,43.05,2,2025-07-28,86.1,2025,7,Jul,Small,43.05,0
1018,Germany,Fashion,252.81,9,2025-03-30,2275.29,2025,3,Mar,XL,252.81,0
1019,USA,Electronics,398.29,1,2025-02-25,398.29,2025,2,Feb,Medium,398.29,0
1020,UAE,Fashion,355.01,9,2025-04-04,3195.09,2025,4,Apr,XL,355.01,0
1021,UAE,Books,29.86,9,2025-04-03,268.74,2025,4,Apr,Medium,29.86,0
1022,Brazil,Sports,41.09,8,2025-03-26,328.72,2025,3,Mar,Medium,41.09,0
1023,Pakistan,Books,204.42,8,2025-09-02,1635.36,2025,9,Sep,XL,204.42,0
1024,Canada,Electronics,151.17,1,2025-01-22,151.17,2025,1,Jan,Small,151.17,0
1025,Germany,Grocery,120.03,8,2025-10-18,960.24,2025,10,Oct,Large,120.03,0
1026,China,Beauty,144.1,3,2025-09-29,432.3,2025,9,Sep,Medium,144.1,0
1027,USA,Books,402.72,7,2025-05-02,2819.04,2025,5,May,XL,402.71999999999997,0
1028,Canada,Electronics,464.97,1,2025-05-08,464.97,2025,5,May,Medium,464.97,0
1029,Germany,Toys,205.53,1,2025-04-23,205.53,2025,4,Apr,Small,205.53,0
1030,India,Grocery,453.52,5,2025-09-30,2267.6,2025,9,Sep,XL,453.52,0
1031,Australia,Electronics,164.14,5,2025-05-10,820.7,2025,5,May,Large,164.14000000000001,0
1032,UAE,Electronics,240.84,8,2025-05-12,1926.72,2025,5,May,XL,240.84,0
1033,China,Beauty,116.88,7,2025-03-26,818.16,2025,3,Mar,Large,116.88,0
1034,UAE,Sports,322.04,8,2025-03-22,2576.32,2025,3,Mar,XL,322.04,0
1035,China,Books,489.6,6,2025-03-10,2937.6,2025,3,Mar,XL,489.59999999999997,0
1036,Brazil,Toys,303.73,6,2025-05-28,1822.38,2025,5,May,XL,303.73,0
1037,Pakistan,Home Decor,182.12,2,2025-01-16,364.24,2025,1,Jan,Medium,182.12,0
1038,China,Books,325.67,6,2025-04-15,1954.02,2025,4,Apr,XL,325.67,0
1039,UAE,Home Decor,65.85,5,2025-06-14,329.25,2025,6,Jun,Medium,65.85,0
1040,Brazil,Electronics,444.89,3,2025-07-20,1334.67,2025,7,Jul,Large,444.89000000000004,0
1041,China,Fashion,254.03,6,2025-07-16,1524.18,2025,7,Jul,XL,254.03,0
1042,India,Toys,227.43,8,2025-07-04,1819.44,2025,7,Jul,XL,227.43,0
1043,Pakistan,Grocery,295.0,9,2025-09-22,2655.0,2025,9,Sep,XL,295.0,0
1044,China,Fashion,314.27,1,2025-04-10,314.27,2025,4,Apr,Medium,314.27,0
1045,Brazil,Fashion,40.53,3,2025-08-02,121.59,2025,8,Aug,Small,40.53,0
1046,Canada,Books,342.9,3,2025-10-05,1028.7,2025,10,Oct,Large,342.90000000000003,0
1047,UK,Toys,124.76,8,2025-06-11,998.08,2025,6,Jun,Large,124.76,0
1048,Germany,Sports,358.41,1,2025-06-06,358.41,2025,6,Jun,Medium,358.41,0
1049,UK,Electronics,412.15,5,2025-09-08,2060.75,2025,9,Sep,XL,412.15,0
1050,UK,Electronics,402.96,3,2025-04-07,1208.88,2025,4,Apr,Large,402.96000000000004,0
1051,USA,Electronics,278.49,2,2025-01-18,556.98,2025,1,Jan,Medium,278.49,0
1052,India,Electronics,262.48,8,2025-04-07,2099.84,2025,4,Apr,XL,262.48,0
1053,Canada,Books,75.72,3,2025-01-01,227.16,2025,1,Jan,Small,75.72,0
1054,Australia,Home Decor,388.8,7,2025-08-04,2721.6,2025,8,Aug,XL,388.8,0
1055,China,Electronics,139.35,1,2025-05-12,139.35,2025,5,May,Small,139.35,0
1056,Germany,Home Decor,250.86,6,2025-09-17,1505.16,2025,9,Sep,XL,250.86,0
1057,Pakistan,Home Decor,145.72,3,2025-05-05,437.16,2025,5,May,Medium,145.72,0
1058,Canada,Sports,71.25,8,2025-03-23,570.0,2025,3,Mar,Medium,71.25,0
1059,UAE,Electronics,316.63,6,2025-10-10,1899.78,2025,10,Oct,XL,316.63,0
1060,Australia,Beauty,31.89,2,2025-06-20,63.78,2025,6,Jun,Small,31.89,0
1061,USA,Grocery,375.58,6,2025-02-28,2253.48,2025,2,Feb,XL,375.58,0
1062,USA,Fashion,162.21,7,2025-02-01,1135.47,2025,2,Feb,Large,162.21,0
1063,Canada,Home Decor,5.07,5,2025-06-10,25.35,2025,6,Jun,Small,5.07,0
1064,Brazil,Toys,258.01,3,2025-10-11,774.03,2025,10,Oct,Large,258.01,0
1065,UK,Toys,28.19,4,2025-04-16,112.76,2025,4,Apr,Small,28.19,0
1066,UAE,Grocery,141.7,4,2025-04-15,566.8,2025,4,Apr,Medium,141.7,0
1067,USA,Toys,354.95,6,2025-08-16,2129.7,2025,8,Aug,XL,354.95,0
1068,Germany,Beauty,36.03,1,2025-07-07,36.03,2025,7,Jul,Small,36.03,0
1069,USA,Toys,420.47,4,2025-03-11,1681.88,2025,3,Mar,XL,420.47,0
1070,Pakistan,Fashion,6.89,4,2025-10-17,27.56,2025,10,Oct,Small,6.89,0
1071,China,Fashion,127.18,1,2025-03-28,127.18,2025,3,Mar,Small,127.18,0
1072,USA,Home Decor,371.75,9,2025-02-25,3345.75,2025,2,Feb,XL,371.75,0
1073,Pakistan,Electronics,161.55,4,2025-04-23,646.2,2025,4,Apr,Medium,161.55,0
1074,Canada,Sports,55.44,7,2025-01-13,388.08,2025,1,Jan,Medium,55.44,0
1075,Canada,Beauty,183.32,3,2025-01-18,549.96,2025,1,Jan,Medium,183.32000000000002,0
1076,Australia,Home Decor,138.84,3,2025-07-01,416.52,2025,7,Jul,Medium,138.84,0
1077,USA,Beauty,422.14,8,2025-04-23,3377.12,2025,4,Apr,XL,422.14,0
1078,Germany,Electronics,160.11,8,2025-08-17,1280.88,2025,8,Aug,Large,160.11,0
1079,USA,Books,395.52,1,2025-06-20,395.52,2025,6,Jun,Medium,395.52,0
1080,Germany,Toys,446.48,2,2025-10-22,892.96,2025,10,Oct,Large,446.48,0
1081,India,Toys,219.74,8,2025-07-08,1757.92,2025,7,Jul,XL,219.74,0
1082,Australia,Sports,455.42,1,2025-03-20,455.42,2025,3,Mar,Medium,455.42,0
1083,India,Electronics,191.77,8,2025-05-26,1534.16,2025,5,May,XL,191.77,0
1084,USA,Home Decor,482.22,8,2025-07-01,3857.76,2025,7,Jul,XL,482.22,0
1085,Australia,Sports,49.2,2,2025-10-13,98.4,2025,10,Oct,Small,49.2,0
1086,India,Electronics,345.07,4,2025-09-07,1380.28,2025,9,Sep,Large,345.07,0
1087,UK,Grocery,249.44,6,2025-07-15,1496.64,2025,7,Jul,Large,249.44000000000003,0
1088,USA,Fashion,196.89,9,2025-03-12,1772.01,2025,3,Mar,XL,196.89,0
1089,India,Sports,318.19,8,2025-09-05,2545.52,2025,9,Sep,XL,318.19,0
1090,UK,Sports,353.41,8,2025-05-26,2827.28,2025,5,May,XL,353.41,0
1091,UK,Home Decor,7.16,7,2025-04-16,50.12,2025,4,Apr,Small,7.159999999999999,0
1092,Canada,Beauty,87.64,9,2025-09-20,788.76,2025,9,Sep,Large,87.64,0
1093,USA,Grocery,357.96,2,2025-10-23,715.92,2025,10,Oct,Medium,357.96,0
1094,UK,Home Decor,334.86,3,2025-03-11,1004.58,2025,3,Mar,Large,334.86,0
1095,Canada,Electronics,483.19,8,2025-07-12,3865.52,2025,7,Jul,XL,483.19,0
1096,India,Electronics,381.71,6,2025-03-09,2290.26,2025,3,Mar,XL,381.71000000000004,0
1097,Pakistan,Electronics,475.63,9,2025-11-01,4280.67,2025,11,Nov,XL,475.63,1
1098,USA,Books,352.76,4,2025-02-21,1411.04,2025,2,Feb,Large,352.76,0
1099,Australia,Electronics,152.54,8,2025-10-12,1220.32,2025,10,Oct,Large,152.54,0
1100,Germany,Beauty,57.16,3,2025-01-09,171.48,2025,1,Jan,Small,57.16,0
1101,Germany,Grocery,392.0,3,2025-09-08,1176.0,2025,9,Sep,Large,392.0,0
1102,India,Toys,323.85,8,2025-10-25,2590.8,2025,10,Oct,XL,323.85,0
1103,Brazil,Fashion,28.85,5,2025-07-03,144.25,2025,7,Jul,Small,28.85,0
1104,Brazil,Beauty,183.22,3,2025-06-28,549.66,2025,6,Jun,Medium,183.22,0
1105,India,Beauty,478.62,1,2025-07-17,478.62,2025,7,Jul,Medium,478.62,0
1106,UK,Books,252.7,3,2025-05-08,758.1,2025,5,May,Large,252.70000000000002,0
1107,USA,Toys,219.2,9,2025-01-20,1972.8,2025,1,Jan,XL,219.2,0
1108,Germany,Toys,231.56,5,2025-03-06,1157.8,2025,3,Mar,Large,231.56,0
1109,Germany,Fashion,108.4,2,2025-07-01,216.8,2025,7,Jul,Small,108.4,0
1110,UK,Fashion,187.51,7,2025-08-29,1312.57,2025,8,Aug,Large,187.51,0
1111,Germany,Toys,188.06,2,2025-01-24,376.12,2025,1,Jan,Medium,188.06,0
1112,Australia,Electronics,30.92,4,2025-03-24,123.68,2025,3,Mar,Small,30.92,0
1113,USA,Beauty,384.95,7,2025-07-04,2694.65,2025,7,Jul,XL,384.95,0
1114,China,Home Decor,211.17,4,2025-04-09,844.68,2025,4,Apr,Large,211.17,0
1115,Germany,Fashion,411.98,7,2025-03-03,2883.86,2025,3,Mar,XL,411.98,0
1116,India,Books,425.92,7,2025-10-13,2981.44,2025,10,Oct,XL,425.92,0
1117,Australia,Books,109.94,1,2025-01-22,109.94,2025,1,Jan,Small,109.94,0
1118,Germany,Fashion,330.39,6,2025-07-31,1982.34,2025,7,Jul,XL,330.39,0
1119,Australia,Toys,238.78,9,2025-05-06,2149.02,2025,5,May,XL,238.78,0
1120,Canada,Grocery,440.68,2,2025-02-11,881.36,2025,2,Feb,Large,440.68,0
1121,China,Home Decor,111.79,3,2025-04-08,335.37,2025,4,Apr,Medium,111.79,0
1122,UAE,Home Decor,340.52,5,2025-01-31,1702.6,2025,1,Jan,XL,340.52,0
1123,India,Fashion,305.84,9,2025-06-07,2752.56,2025,6,Jun,XL,305.84,0
1124,India,Electronics,151.17,4,2025-04-22,604.68,2025,4,Apr,Medium,151.17,0
1125,USA,Grocery,72.62,1,2025-09-04,72.62,2025,9,Sep,Small,72.62,0
1126,Australia,Home Decor,327.56,4,2025-05-02,1310.24,2025,5,May,Large,327.56,0
1127,UK,Fashion,370.61,6,2025-09-30,2223.66,2025,9,Sep,XL,370.60999999999996,0
1128,India,Books,161.24,5,2025-10-21,806.2,2025,10,Oct,Large,161.24,0
1129,Australia,Home Decor,324.19,1,2025-07-26,324.19,2025,7,Jul,Medium,324.19,0
1130,Australia,Sports,200.59,4,2025-04-20,802.36,2025,4,Apr,Large,200.59,0
1131,Pakistan,Grocery,358.04,6,2025-10-05,2148.24,2025,10,Oct,XL,358.03999999999996,0
1132,Pakistan,Grocery,103.61,4,2025-02-25,414.44,2025,2,Feb,Medium,103.61,0
1133,UAE,Sports,445.66,9,2025-02-26,4010.94,2025,2,Feb,XL,445.66,0
1134,Canada,Beauty,147.27,5,2025-10-18,736.35,2025,10,Oct,Medium,147.27,0
1135,UAE,Books,187.05,8,2025-04-24,1496.4,2025,4,Apr,Large,187.05,0
1136,Germany,Sports,33.76,9,2025-07-17,303.84,2025,7,Jul,Medium,33.76,0
1137,UK,Toys,60.2,5,2025-06-28,301.0,2025,6,Jun,Medium,60.2,0
1138,Germany,Toys,260.35,6,2025-08-07,1562.1,2025,8,Aug,XL,260.34999999999997,0
1139,Brazil,Fashion,137.46,1,2025-10-04,137.46,2025,10,Oct,Small,137.46,0
1140,Germany,Grocery,418.56,7,2025-01-16,2929.92,2025,1,Jan,XL,418.56,0
1141,USA,Beauty,12.27,4,2025-03-02,49.08,2025,3,Mar,Small,12.27,0
1142,Germany,Beauty,192.65,2,2025-02-23,385.3,2025,2,Feb,Medium,192.65,0
1143,UAE,Home Decor,171.99,5,2025-06-17,859.95,2025,6,Jun,Large,171.99,0
1144,India,Home Decor,14.57,3,2025-01-26,43.71,2025,1,Jan,Small,14.57,0
1145,India,Sports,66.56,6,2025-03-06,399.36,2025,3,Mar,Medium,66.56,0
1146,Pakistan,Beauty,209.75,8,2025-04-10,1678.0,2025,4,Apr,XL,209.75,0
1147,UK,Sports,248.97,7,2025-03-15,1742.79,2025,3,Mar,XL,248.97,0
1148,UK,Books,205.12,3,2025-07-11,615.36,2025,7,Jul,Medium,205.12,0
1149,USA,Sports,267.81,8,2025-06-20,2142.48,2025,6,Jun,XL,267.81,0
1150,UAE,Home Decor,299.59,2,2025-09-30,599.18,2025,9,Sep,Medium,299.59,0
1151,Pakistan,Grocery,9.91,9,2025-07-06,89.19,2025,7,Jul,Small,9.91,0
1152,Brazil,Sports,234.73,4,2025-01-23,938.92,2025,1,Jan,Large,234.73,0
1153,UK,Electronics,481.93,1,2025-06-30,481.93,2025,6,Jun,Medium,481.93,0
1154,India,Grocery,261.92,8,2025-04-18,2095.36,2025,4,Apr,XL,261.92,0
1155,Germany,Beauty,340.38,7,2025-06-11,2382.66,2025,6,Jun,XL,340.38,0
1156,Germany,Beauty,159.37,5,2025-10-29,796.85,2025,10,Oct,Large,159.37,0
1157,Pakistan,Sports,388.13,5,2025-07-25,1940.65,2025,7,Jul,XL,388.13,0
1158,UAE,Grocery,387.6,7,2025-03-19,2713.2,2025,3,Mar,XL,387.59999999999997,0
1159,UAE,Home Decor,263.04,5,2025-01-16,1315.2,2025,1,Jan,Large,263.04,0
1160,Canada,Home Decor,488.13,8,2025-04-06,3905.04,2025,4,Apr,XL,488.13,0
1161,China,Toys,67.15,6,2025-05-27,402.9,2025,5,May,Medium,67.14999999999999,0
1162,UK,Beauty,13.39,5,2025-01-02,66.95,2025,1,Jan,Small,13.39,0
1163,UAE,Fashion,386.23,9,2025-01-10,3476.07,2025,1,Jan,XL,386.23,0
1164,India,Toys,404.54,2,2025-05-05,809.08,2025,5,May,Large,404.54,0
1165,Pakistan,Home Decor,64.5,1,2025-03-22,64.5,2025,3,Mar,Small,64.5,0
1166,Brazil,Grocery,136.46,8,2025-05-20,1091.68,2025,5,May,Large,136.46,0
1167,Canada,Books,13.69,3,2025-05-30,41.07,2025,5,May,Small,13.69,0
1168,Australia,Home Decor,150.19,7,2025-10-15,1051.33,2025,10,Oct,Large,150.19,0
1169,USA,Grocery,387.71,8,2025-05-09,3101.68,2025,5,May,XL,387.71,0
1170,Brazil,Toys,261.39,6,2025-08-27,1568.34,2025,8,Aug,XL,261.39,0
1171,Australia,Beauty,177.31,9,2025-02-27,1595.79,2025,2,Feb,XL,177.31,0
1172,Germany,Home Decor,189.01,7,2025-07-17,1323.07,2025,7,Jul,Large,189.01,0
1173,USA,Sports,5.67,5,2025-07-30,28.35,2025,7,Jul,Small,5.67,0
1174,UK,Grocery,153.4,8,2025-02-14,1227.2,2025,2,Feb,Large,153.4,0
1175,India,Beauty,325.0,2,2025-04-07,650.0,2025,4,Apr,Medium,325.0,0
1176,USA,Books,487.23,7,2025-10-06,3410.61,2025,10,Oct,XL,487.23,0
1177,China,Books,424.3,4,2025-01-23,1697.2,2025,1,Jan,XL,424.3,0
1178,Australia,Fashion,16.68,9,2025-02-13,150.12,2025,2,Feb,Small,16.68,0
1179,UK,Grocery,449.79,1,2025-01-27,449.79,2025,1,Jan,Medium,449.79,0
1180,China,Toys,392.68,7,2025-10-09,2748.76,2025,10,Oct,XL,392.68,0
1181,Germany,Fashion,391.29,6,2025-04-07,2347.74,2025,4,Apr,XL,391.28999999999996,0
1182,China,Fashion,231.71,8,2025-02-05,1853.68,2025,2,Feb,XL,231.71,0
1183,Canada,Electronics,202.01,5,2025-04-19,1010.05,2025,4,Apr,Large,202.01,0
1184,Canada,Home Decor,154.94,1,2025-02-24,154.94,2025,2,Feb,Small,154.94,0
1185,Pakistan,Grocery,37.52,1,2025-07-11,37.52,2025,7,Jul,Small,37.52,0
1186,Brazil,Fashion,117.98,9,2025-08-07,1061.82,2025,8,Aug,Large,117.97999999999999,0
1187,Brazil,Electronics,127.07,6,2025-07-04,762.42,2025,7,Jul,Large,127.07,0
1188,UK,Toys,244.62,5,2025-03-10,1223.1,2025,3,Mar,Large,244.61999999999998,0
1189,Germany,Beauty,374.98,1,2025-05-10,374.98,2025,5,May,Medium,374.98,0
1190,UAE,Sports,239.54,6,2025-02-24,1437.24,2025,2,Feb,Large,239.54,0
1191,Canada,Sports,33.63,6,2025-04-07,201.78,2025,4,Apr,Small,33.63,0
1192,UK,Grocery,479.11,3,2025-03-28,1437.33,2025,3,Mar,Large,479.10999999999996,0
1193,UAE,Fashion,471.65,8,2025-10-21,3773.2,2025,10,Oct,XL,471.65,0
1194,Brazil,Sports,393.67,1,2025-04-29,393.67,2025,4,Apr,Medium,393.67,0
1195,Pakistan,Home Decor,495.71,1,2025-07-27,495.71,2025,7,Jul,Medium,495.71,0
1196,China,Sports,274.52,6,2025-06-03,1647.12,2025,6,Jun,XL,274.52,0
1197,Canada,Sports,481.57,1,2025-02-04,481.57,2025,2,Feb,Medium,481.57,0
1198,UK,Sports,42.42,6,2025-03-20,254.52,2025,3,Mar,Medium,42.42,0
1199,USA,Books,186.01,1,2025-03-08,186.01,2025,3,Mar,Small,186.01,0
1200,UAE,Electronics,116.56,6,2025-02-03,699.36,2025,2,Feb,Medium,116.56,0
